branch_id,tag,policy,jerk,adoption,event,trigger,subclass,e,e_propagation,e_update,margin_propagated,margin_updated,innovation_identity_error,v_trigger,a_trigger,d_previous,d_after,crossed15,response,override_flag,post_adoption_override_flag,post_adoption_realized_jerk,realized_jerk,actual_exceedance
0548319f4a0b,v6_formal_v22,constant,4.0,14,16,15,highspeed_update,-3.073505867666796,0.3433423253011121,-3.416848192967908,2.0299749673467034,-0.5825050201700748,1.3322676295501878e-15,20.475483619814945,-2.7467386024072766,90.66388023666318,77.0092902337878,False,16,0,0,1.5043399771041805,1.5043399771041805,False
072dcca48582,v6_formal_v22,runs/v4r_s1/v4_pilot/supervised/final_nets.pt,2.0,11,32,31,highspeed_update,-1.831973954655579,-0.05226901831699671,-1.7797049363385824,0.38689528594880507,-1.1702825755084376,4.440892098500626e-16,5.263141838254295,0.4181521465348942,19.83789807930954,15.42662222384381,False,32,0,0,0.8363042930697884,0.8363042930697884,False
073391fa95e9,v6_formal_v22,runs/v4r_s1/v4_pilot/supervised/final_nets.pt,4.0,14,31,30,freeze_crossing,-6.029284697891168,0.111887328852462,-6.14117202674363,3.172172645491889,-1.952719347715604,8.881784197001252e-16,5.7235495638459195,-0.8950986308190156,19.90549788619658,10.902551077529992,True,31,1,1,5.209802738361969,5.209802738361969,True
0cb4ac07cddb,v6_formal_v22,runs/v4r_s1/v4_pilot/supervised/final_nets.pt,2.0,8,41,40,creep,-0.0062367446855331465,-0.006236744685533348,2.0122792321330962e-16,0.004722223921555534,-0.0005790090611480399,3.9985376121265404e-16,0.07543647466393684,0.049893957485932255,7.1180477780435405,7.080329540711572,False,41,0,0,0.256789432214245,0.256789432214245,False
10646af7b13d,v6_formal_v22,constant,3.0,13,27,26,freeze_crossing,-3.65780883638301,0.16902811822193886,-3.826836954604949,2.2097151252736644,-0.8994223856518939,0.0,5.243322903775846,-1.3522249457772535,17.840170616964745,11.391672210471873,True,27,1,1,3.7865887123557727,3.7865887123557727,True
10e1cd662c48,v6_formal_v22,runs/v4r_s2/v4_pilot/supervised/final_nets.pt,2.0,10,41,40,creep,-0.005605193133686015,-0.005605193133685835,-1.8041124150158794e-16,0.004755810737395817,-8.603426237117906e-06,1.7780915628762273e-16,0.07462119591112745,0.04484154506770109,7.118071416251499,7.080760818295935,False,41,0,0,0.24055079521654518,0.24055079521654518,False
11ba507fe3bf,v6_formal_v22,runs/v4r_s1/v4_pilot/supervised/final_nets.pt,3.0,8,31,30,freeze_crossing,-4.258968297942053,0.10861337171856711,-4.36758166966062,1.91103234977263,-1.7090907034781155,8.881784197001252e-16,5.217986309404257,-0.8689069737476345,17.73622789220817,10.759653067845422,True,31,1,1,5.262186052504731,5.262186052504731,True
1300f8288caf,v6_formal_v22,runs/v4r_s2/v4_pilot/supervised/final_nets.pt,2.0,5,28,27,highspeed_update,-2.2446561118971218,-0.04250895214874317,-2.2021471597483786,1.7615851435932939,-0.14637255151925999,4.440892098500626e-16,7.576964895594968,0.3400716171890803,29.572704717285617,23.582075109739755,False,28,0,0,0.6801432343781606,0.6801432343781606,False
149d42957188,v6_formal_v22,runs/v4r_s2/v4_pilot/supervised/final_nets.pt,4.0,16,26,25,freeze_crossing,-5.414112676973659,0.16869345310956207,-5.58280613008322,2.8932082487068973,-1.7087875267207133,8.881784197001252e-16,5.432995532288898,-1.3495476248782623,18.63429037406734,10.33498647783967,True,26,1,1,4.300904750243475,4.300904750243475,True
1699c052af5c,v6_formal_v22,runs/v4r_s2/v4_pilot/supervised/final_nets.pt,3.0,14,16,15,highspeed_update,-3.119888256134118,0.31221490721529577,-3.4321031633494137,2.0258597577865203,-0.62604525992748,0.0,20.474502964501475,-2.497719257720746,90.70152733496019,77.03217268936004,False,16,0,0,1.9851585882701954,1.9851585882701954,False
182f0c763eaa,v6_formal_v22,constant,3.0,14,16,15,highspeed_update,-3.119888256134118,0.31221490721529577,-3.4321031633494137,2.0258597577865203,-0.62604525992748,0.0,20.474502964501475,-2.497719257720746,90.70152733496019,77.03217268936004,False,16,0,0,1.9851585882701954,1.9851585882701954,False
1909728ec7d6,v6_formal_v22,runs/v4r_s1/v4_pilot/supervised/final_nets.pt,2.0,8,32,31,highspeed_update,-1.8319686508461306,-0.052267728265638524,-1.779700922580492,0.38689591221667285,-1.170277441002538,0.0,5.263147602197034,0.418141826126619,19.837890926885688,15.42661620320668,False,32,0,0,0.836283652253238,0.836283652253238,False
19d7ede23ce9,v6_formal_v22,constant,4.0,16,26,25,freeze_crossing,-5.414112676973659,0.16869345310956207,-5.58280613008322,2.8932082487068973,-1.7087875267207133,8.881784197001252e-16,5.432995532288898,-1.3495476248782623,18.63429037406734,10.33498647783967,True,26,1,1,4.300904750243475,4.300904750243475,True
1d9ac33d8def,v6_formal_v22,runs/v4r_s1/v4_pilot/supervised/final_nets.pt,4.0,16,40,39,creep,-0.026074879302291798,-0.026074879302292006,2.0816681711721685e-16,0.008161956387588438,-0.014001691019359101,4.891920202254596e-16,0.16097584343465463,0.20859903441869027,7.170184709763568,7.089696788046241,False,40,0,0,0.8542204097021433,0.8542204097021433,False
1ed854a27380,v6_formal_v22,runs/v4r_s2/v4_pilot/supervised/final_nets.pt,3.0,15,16,15,adoption_step,-3.123486768587142,0.2942223449501604,-3.4177091135373026,1.5851188443725306,-1.0698449089265267,1.3322676295501878e-14,20.546473213562017,-2.3537787595996633,90.70152733496019,77.01058161464188,False,16,0,0,2.2924424808006734,2.2924424808006734,False
1fb448dbd8df,v6_formal_v22,runs/v4r/v4_pilot/supervised/final_nets.pt,2.0,19,27,26,freeze_crossing,-5.462642638293843,0.1875000000002025,-5.650142638294046,3.229600821606141,-1.4136454209436256,0.0,5.11719145390412,-1.5,19.325963965143227,11.117225599897122,True,27,1,1,3.6034865912637812,3.6034865912637812,True
216cec629308,v6_formal_v22,runs/v4r/v4_pilot/supervised/final_nets.pt,2.0,13,30,29,freeze_crossing,-3.6277714425716887,0.1999277701650608,-3.8276992127367495,2.523333829679048,-0.5602718965068867,4.440892098500626e-16,5.7373785202484,-1.5994221613206125,19.96765187631666,13.271263403455709,True,30,0,0,1.444064375389928,1.444064375389928,False
29fe54a0ad7c,v6_formal_v22,constant,2.0,10,41,40,creep,-0.005605193133686015,-0.005605193133685835,-1.8041124150158794e-16,0.004755810737395817,-8.603426237117906e-06,1.7780915628762273e-16,0.07462119591112745,0.04484154506770109,7.118071416251499,7.080760818295935,False,41,0,0,0.24055079521654518,0.24055079521654518,False
2a0a5f6bfa79,v6_formal_v22,runs/v4r/v4_pilot/supervised/final_nets.pt,3.0,18,28,27,freeze_crossing,-2.1437662332957963,-0.014512981983402007,-2.1292532513123943,1.3235604937921401,-0.49864080450928583,8.881784197001252e-16,5.541455613643764,0.11610385586819305,19.101070712934902,14.201089654800626,True,28,0,0,2.399072128323457,2.399072128323457,False
2a60ebc03655,v6_formal_v22,runs/v4r_s1/v4_pilot/supervised/final_nets.pt,3.0,13,31,30,freeze_crossing,-4.258994590277291,0.10861722146734953,-4.367611811744641,1.911079520903459,-1.709065880832239,4.440892098500626e-16,5.218007284834909,-0.8689377717374871,17.73631373513355,10.759698280971454,True,31,1,1,5.262124456525026,5.262124456525026,True
2c2344c89b18,v6_formal_v22,runs/v4r_s2/v4_pilot/supervised/final_nets.pt,2.0,16,26,25,freeze_crossing,-3.6521341449758093,0.16906655256984582,-3.821200697545655,1.5293611572041996,-1.574952866025237,1.3322676295501878e-15,5.2223757240134585,-1.3525324205569689,17.754199295201918,11.321810735649533,True,26,1,1,3.8575446563728697,3.8575446563728697,True
2e26116efd05,v6_formal_v22,runs/v4r_s2/v4_pilot/supervised/final_nets.pt,4.0,8,39,38,creep,-0.015728395104588344,-0.01572839510458819,-1.5265566588595902e-16,0.009510058433707412,-0.0038590774051926804,0.0,0.15825756870663069,0.12582716083611017,7.179958566437392,7.100829782084077,False,39,0,0,0.6046437137570086,0.6046437137570086,False
356176a93ee0,v6_formal_v22,runs/v4r_s2/v4_pilot/supervised/final_nets.pt,4.0,10,39,38,creep,-0.019479032899295312,-0.019479032899295534,2.220446049250313e-16,0.009202798551328661,-0.007354379413071599,7.528699885739343e-16,0.16166204586735455,0.15583226319366994,7.1785500018204615,7.0977189788867845,False,39,0,0,0.698640073296874,0.698640073296874,False
3cd06d79793a,v6_formal_v22,runs/v4r_s1/v4_pilot/supervised/final_nets.pt,2.0,20,29,28,freeze_crossing,-4.1265335750234335,0.042634608102821936,-4.1691681831262555,0.5525698998320712,-2.954983638937848,4.440892098500626e-16,5.250407414198479,-0.3410768648219342,18.158155292844565,11.36378340261907,True,29,1,1,5.899107584627533,5.899107584627533,True
3cf6279a3660,v6_formal_v22,runs/v4r/v4_pilot/supervised/final_nets.pt,3.0,17,30,29,freeze_crossing,-6.741665134947576,0.1548835469916967,-6.896548681939272,2.7170727442687337,-3.013342620436706,0.0,5.613494190078998,-1.2390683759335452,19.416202753745104,9.712906976766332,True,30,1,1,4.5218632481329095,4.5218632481329095,True
433870f5d94a,v6_formal_v22,constant,2.0,19,28,27,highspeed_update,-2.2446561118971218,-0.04250895214874317,-2.2021471597483786,1.7615851435932939,-0.14637255151925999,4.440892098500626e-16,7.576964895594968,0.3400716171890803,29.572704717285617,23.582075109739755,False,28,0,0,0.6801432343781606,0.6801432343781606,False
460eb1b0b877,v6_formal_v22,runs/v4r_s1/v4_pilot/supervised/final_nets.pt,2.0,13,31,30,freeze_crossing,-1.9871476034705484,0.1368499490882975,-2.123997552558846,1.4436768105280615,-0.24539865242190384,6.661338147750939e-16,5.376360349953508,-1.0947995927076768,18.394215926491057,13.582038198955457,True,31,0,0,0.43129013134020155,0.43129013134020155,False
47b62ca4436c,v6_formal_v22,runs/v4r/v4_pilot/supervised/final_nets.pt,3.0,16,30,29,freeze_crossing,-6.74167685332001,0.1548849602042055,-6.896561813524215,2.7170932063423407,-3.013332118979667,8.881784197001252e-16,5.613502601843453,-1.2390796816322585,19.416239788589685,9.712926674143743,True,30,1,1,4.521840636735483,4.521840636735483,True
4a88ced791f5,v6_formal_v22,runs/v4r_s1/v4_pilot/supervised/final_nets.pt,4.0,5,30,29,freeze_crossing,-6.310018083064694,0.09756137884778893,-6.4075794619124835,2.3617470551621498,-3.001768315442841,8.881784197001252e-16,5.289740256266662,-0.7804910307838888,18.031902736771958,8.979453146726144,True,30,1,1,5.439017938432222,5.439017938432222,True
4d2d1dfade40,v6_formal_v22,runs/v4r_s1/v4_pilot/supervised/final_nets.pt,2.0,14,31,30,freeze_crossing,-4.217097450740617,0.1690508965214721,-4.38614834726209,1.540364642407706,-2.044168190721818,4.440892098500626e-16,5.230888444313103,-1.3524071721725015,17.78909565366627,10.787503084247628,True,31,1,1,4.295185655654997,4.295185655654997,True
52952a3c7ec2,v6_formal_v22,runs/v4r_s2/v4_pilot/supervised/final_nets.pt,2.0,8,28,27,highspeed_update,-2.2446561118971218,-0.04250895214874317,-2.2021471597483786,1.7615851435932939,-0.14637255151925999,4.440892098500626e-16,7.576964895594968,0.3400716171890803,29.572704717285617,23.582075109739755,False,28,0,0,0.6801432343781606,0.6801432343781606,False
5333916437a5,v6_formal_v22,runs/v4r_s2/v4_pilot/supervised/final_nets.pt,2.0,14,16,15,highspeed_update,-3.3497052534070235,0.2741785050750103,-3.623883758482034,2.184943132223779,-0.6623063331721966,5.773159728050814e-15,20.333234867751862,-2.193428040600321,91.11034477441694,77.31984358205898,False,16,0,0,1.861681040688075,1.861681040688075,False
53d1cc78bd69,v6_formal_v22,constant,2.0,11,28,27,highspeed_update,-2.2446561118971218,-0.04250895214874317,-2.2021471597483786,1.7615851435932939,-0.14637255151925999,4.440892098500626e-16,7.576964895594968,0.3400716171890803,29.572704717285617,23.582075109739755,False,28,0,0,0.6801432343781606,0.6801432343781606,False
546bab0b2d9b,v6_formal_v22,runs/v4r_s1/v4_pilot/supervised/final_nets.pt,4.0,19,39,38,creep,-0.020287614844670898,-0.02028761484467087,-2.7755575615628914e-17,0.009111960101496855,-0.008132512516473497,9.020562075079397e-17,0.16206803049327684,0.16230091875794483,7.177956950666458,7.096922935419819,False,39,0,0,0.7184226741088762,0.7184226741088762,False
55360cab1af1,v6_formal_v22,runs/v4r_s1/v4_pilot/supervised/final_nets.pt,4.0,20,38,37,creep,-0.026599304935126966,-0.026599304935127105,1.3877787807814457e-16,0.00820904733946641,-0.014400361855391244,2.671474153004283e-16,0.16265257419114604,0.21279443947937426,7.171047206733685,7.089720919638112,False,38,0,0,0.8691587603000164,0.8691587603000164,False
575112638f3e,v6_formal_v22,runs/v4r/v4_pilot/supervised/final_nets.pt,3.0,19,30,29,freeze_crossing,-6.741641688740538,0.15488071940618742,-6.896522408146725,2.7170318035519276,-3.01336363187753,0.0,5.613477359702456,-1.2390457552478544,19.416128654075457,9.712867566077504,True,30,1,1,4.521908489504291,4.521908489504291,True
57a7002dc4ed,v6_formal_v22,constant,3.0,10,40,39,creep,-0.008783946566616407,-0.008783946566616678,2.706168622523819e-16,0.006769162240387459,-0.0006971923412361324,3.5475095083725705e-16,0.1078233894363768,0.07027157253440722,7.14362775944508,7.0897160647268915,False,40,0,0,0.3648283524645768,0.3648283524645768,False
59777ac663ec,v6_formal_v22,runs/v4r/v4_pilot/supervised/final_nets.pt,4.0,8,39,38,creep,-0.01837419570794019,-0.018374195707939855,-3.3306690738754696e-16,0.009304593861467036,-0.006313472490281857,2.654126918244515e-16,0.16080964266877662,0.14699356566503777,7.179097689777815,7.098692868443426,False,39,0,0,0.6711703020089452,0.6711703020089452,False
5990cd3a33c3,v6_formal_v22,constant,4.0,12,28,27,freeze_crossing,-5.739250461593807,0.1279888105778264,-5.867239272171633,2.4959529111024565,-2.3824099812522803,8.881784197001252e-16,5.294688046583287,-1.0239104846227534,18.052439808090842,9.537856512627565,True,28,1,1,4.952179030754493,4.952179030754493,True
5b5d00061ace,v6_formal_v22,constant,4.0,15,16,15,adoption_step,-3.077048366440337,0.32562983143428603,-3.4026781978746232,1.5898194947617839,-1.0256716167125006,2.220446049250313e-15,20.546333595281364,-2.6050386514744366,90.66388023666318,76.98803524114787,False,16,0,0,1.7899226970511268,1.7899226970511268,False
5b86a4ad0a5c,v6_formal_v22,runs/v4r/v4_pilot/supervised/final_nets.pt,4.0,14,39,38,creep,-0.015030418193314077,-0.015030418193314049,-2.7755575615628914e-17,0.00776281872795527,-0.005013036736361429,2.654126918244515e-16,0.13356508535777672,0.12024334554788343,7.158992230447221,7.0922096877683325,False,39,0,0,0.5512878698015053,0.5512878698015053,False
60732680fd4a,v6_formal_v22,runs/v4r/v4_pilot/supervised/final_nets.pt,4.0,18,37,36,creep,-0.01974648415223257,-0.019746484152232194,-3.7470027081099033e-16,0.007893470573399251,-0.00889104095599861,1.7694179454963432e-16,0.14473924233711624,0.1579718732167375,7.163303467790065,7.090933846621507,False,37,0,0,0.6798537860417191,0.6798537860417191,False
611e34aa649e,v6_formal_v22,runs/v4r/v4_pilot/supervised/final_nets.pt,4.0,17,40,39,creep,-0.02459678843648394,-0.024596788436483885,-5.551115123125783e-17,0.008028722140445171,-0.012878548030565956,2.220446049250313e-16,0.15624320494018373,0.19677430749260927,7.167747782710657,7.089626180240565,False,40,0,0,0.8121067673207392,0.8121067673207392,False
62a00afc6ec5,v6_formal_v22,runs/v4r_s1/v4_pilot/supervised/final_nets.pt,2.0,15,31,30,freeze_crossing,-1.9871489738868817,0.13685013046476957,-2.1239991043516513,1.4436799410624594,-0.24539668674139037,4.440892098500626e-16,5.376361393735939,-1.0948010437188334,18.394220327864282,13.582040526644661,True,31,0,0,0.43128712397989233,0.43128712397989233,False
62f6cca10f52,v6_formal_v22,runs/v4r_s1/v4_pilot/supervised/final_nets.pt,4.0,18,40,39,creep,-0.026074879302291798,-0.026074879302292006,2.0816681711721685e-16,0.008161956387588438,-0.014001691019359101,4.891920202254596e-16,0.16097584343465463,0.20859903441869027,7.170184709763568,7.089696788046241,False,40,0,0,0.8542204097021433,0.8542204097021433,False
63ac6fa2f4e6,v6_formal_v22,runs/v4r_s1/v4_pilot/supervised/final_nets.pt,3.0,5,30,29,freeze_crossing,-6.743392328630463,0.15509177110717642,-6.89848409973764,2.7200885143351776,-3.011794965000716,0.0,5.614733816907184,-1.2407341688567453,19.421661111655112,9.71581010346388,True,30,1,1,4.5185316622865095,4.5185316622865095,True
653bcdeafddb,v6_formal_v22,runs/v4r/v4_pilot/supervised/final_nets.pt,4.0,11,40,39,creep,-0.020965072636737858,-0.02096507263673783,-2.7755575615628914e-17,0.009035938570868055,-0.008784373170358947,1.7694179454963432e-16,0.16240932569464656,0.16772058109244717,7.177461084321797,7.096256421474473,False,40,0,0,0.7350018223092831,0.7350018223092831,False
687af60eeb89,v6_formal_v22,runs/v4r/v4_pilot/supervised/final_nets.pt,2.0,5,31,30,freeze_crossing,-4.972518586394113,0.16885455261792437,-5.141373139012037,1.6857551618060427,-2.5408856366289534,0.0,5.34002599648225,-1.350836420942601,18.2415206443552,10.43013450710204,True,31,1,1,4.298327158114798,4.298327158114798,True
69e12cbb14ad,v6_formal_v22,runs/v4r/v4_pilot/supervised/final_nets.pt,3.0,16,29,28,freeze_crossing,-4.422627027204566,0.1684047200238301,-4.591031747228396,2.7779393459471073,-0.9812936271767736,0.0,5.607893647871491,-1.3472377601892003,19.39155731993642,11.99657874877228,True,29,1,1,3.9538969940707105,3.9538969940707105,True
6d57d858d6c6,v6_formal_v22,runs/v4r/v4_pilot/supervised/final_nets.pt,4.0,19,40,39,creep,-0.0245975409459378,-0.024597540945938162,3.608224830031759e-16,0.008028790169694752,-0.01287911963435269,3.122502256758253e-16,0.1562456167707847,0.19678032756752573,7.1677490255128555,7.0896262171274635,False,40,0,0,0.812128211146226,0.812128211146226,False
7010734b8bf0,v6_formal_v22,constant,4.0,8,39,38,creep,-0.015728395104588344,-0.01572839510458819,-1.5265566588595902e-16,0.009510058433707412,-0.0038590774051926804,0.0,0.15825756870663069,0.12582716083611017,7.179958566437392,7.100829782084077,False,39,0,0,0.6046437137570086,0.6046437137570086,False
734ec2007b80,v6_formal_v22,constant,2.0,14,28,27,highspeed_update,-2.2446561118971218,-0.04250895214874317,-2.2021471597483786,1.7615851435932939,-0.14637255151925999,4.440892098500626e-16,7.576964895594968,0.3400716171890803,29.572704717285617,23.582075109739755,False,28,0,0,0.6801432343781606,0.6801432343781606,False
76ebb6586c47,v6_formal_v22,runs/v4r_s1/v4_pilot/supervised/final_nets.pt,4.0,22,40,39,creep,-0.026074879302291798,-0.026074879302292006,2.0816681711721685e-16,0.008161956387588438,-0.014001691019359101,4.891920202254596e-16,0.16097584343465463,0.20859903441869027,7.170184709763568,7.089696788046241,False,40,0,0,0.8542204097021433,0.8542204097021433,False
771bcea3ae39,v6_formal_v22,runs/v4r/v4_pilot/supervised/final_nets.pt,4.0,8,30,29,freeze_crossing,-3.2702948406442935,0.1177762227091752,-3.3880710633534687,2.587049735631517,-0.1927008789161313,1.3322676295501878e-15,5.376473982219479,-0.9422097816733821,18.39469509077759,12.31838703631438,True,30,0,0,3.175571694200144,3.175571694200144,False
787a3feb606f,v6_formal_v22,constant,2.0,13,28,27,highspeed_update,-2.2446561118971218,-0.04250895214874317,-2.2021471597483786,1.7615851435932939,-0.14637255151925999,4.440892098500626e-16,7.576964895594968,0.3400716171890803,29.572704717285617,23.582075109739755,False,28,0,0,0.6801432343781606,0.6801432343781606,False
7c245f043ef4,v6_formal_v22,runs/v4r/v4_pilot/supervised/final_nets.pt,2.0,11,30,29,freeze_crossing,-6.99092145141849,0.2068554410562813,-7.197776892474772,2.4228857107613404,-3.5193975229443772,8.881784197001252e-16,5.653451027930506,-1.6548435284514849,19.592748441258138,9.568246034818113,True,30,1,1,3.6903129430970303,3.6903129430970303,True
7c8ffd52fb39,v6_formal_v22,runs/v4r_s1/v4_pilot/supervised/final_nets.pt,3.0,14,31,30,freeze_crossing,-4.258994590277291,0.10861722146734953,-4.367611811744641,1.911079520903459,-1.709065880832239,4.440892098500626e-16,5.218007284834909,-0.8689377717374871,17.73631373513355,10.759698280971454,True,31,1,1,5.262124456525026,5.262124456525026,True
7caa50a3d3c5,v6_formal_v22,runs/v4r_s1/v4_pilot/supervised/final_nets.pt,2.0,18,30,29,freeze_crossing,-2.245654566568085,0.06537519615949128,-2.311029762727576,0.9014524625564482,-1.007353919026424,0.0,5.541171013102944,-0.523001569277115,19.09983380253057,14.01821853325152,True,30,0,0,1.444078679418059,1.444078679418059,False
7f9a2c367f2a,v6_formal_v22,runs/v4r_s2/v4_pilot/supervised/final_nets.pt,2.0,13,28,27,highspeed_update,-2.2446561118971218,-0.04250895214874317,-2.2021471597483786,1.7615851435932939,-0.14637255151925999,4.440892098500626e-16,7.576964895594968,0.3400716171890803,29.572704717285617,23.582075109739755,False,28,0,0,0.6801432343781606,0.6801432343781606,False
806e6632dce4,v6_formal_v22,runs/v4r/v4_pilot/supervised/final_nets.pt,2.0,16,30,29,freeze_crossing,-3.6277714425716887,0.1999277701650608,-3.8276992127367495,2.523333829679048,-0.5602718965068867,4.440892098500626e-16,5.7373785202484,-1.5994221613206125,19.96765187631666,13.271263403455709,True,30,0,0,1.444064375389928,1.444064375389928,False
81a59eb04eb0,v6_formal_v22,constant,4.0,18,19,15,before_adoption,-3.077048366440337,0.32562983143428603,-3.4026781978746232,1.5898194947617839,-1.0256716167125006,2.220446049250313e-15,20.546333595281364,-2.6050386514744366,90.66388023666318,76.98803524114787,False,16,0,0,0.0,1.7899226970511268,False
81ac89bf1040,v6_formal_v22,constant,2.0,21,28,27,highspeed_update,-2.2446561118971218,-0.04250895214874317,-2.2021471597483786,1.7615851435932939,-0.14637255151925999,4.440892098500626e-16,7.576964895594968,0.3400716171890803,29.572704717285617,23.582075109739755,False,28,0,0,0.6801432343781606,0.6801432343781606,False
833c18f3d5c8,v6_formal_v22,runs/v4r_s2/v4_pilot/supervised/final_nets.pt,4.0,14,16,15,highspeed_update,-3.073505867666796,0.3433423253011121,-3.416848192967908,2.0299749673467034,-0.5825050201700748,1.3322676295501878e-15,20.475483619814945,-2.7467386024072766,90.66388023666318,77.0092902337878,False,16,0,0,1.5043399771041805,1.5043399771041805,False
8617981e2bcb,v6_formal_v22,runs/v4r_s1/v4_pilot/supervised/final_nets.pt,4.0,15,31,30,freeze_crossing,-6.0292848151534315,0.11188734385325727,-6.141172159006689,3.1721728587450313,-1.9527192341353858,8.881784197001252e-16,5.723549646737178,-0.8950987508250403,19.90549825829986,10.902551275924584,True,31,1,1,5.209802498349919,5.209802498349919,True
889f8cecef70,v6_formal_v22,runs/v4r/v4_pilot/supervised/final_nets.pt,2.0,14,30,29,freeze_crossing,-3.6277714425716887,0.1999277701650608,-3.8276992127367495,2.523333829679048,-0.5602718965068867,4.440892098500626e-16,5.7373785202484,-1.5994221613206125,19.96765187631666,13.271263403455709,True,30,0,0,1.444064375389928,1.444064375389928,False
897d6b8a2d46,v6_formal_v22,runs/v4r/v4_pilot/supervised/final_nets.pt,4.0,19,27,26,freeze_crossing,-5.021656006072442,0.12809804905971323,-5.1497540551321555,2.8672242023044205,-1.4011834028571553,0.0,5.257271598265879,-1.0247843924787094,18.40395897102094,10.625569116755846,True,27,1,1,4.950431215042581,4.950431215042581,True
89fa23d11cb9,v6_formal_v22,constant,2.0,16,26,25,freeze_crossing,-3.6521341449758093,0.16906655256984582,-3.821200697545655,1.5293611572041996,-1.574952866025237,1.3322676295501878e-15,5.2223757240134585,-1.3525324205569689,17.754199295201918,11.321810735649533,True,26,1,1,3.8575446563728697,3.8575446563728697,True
8c8573cd41b9,v6_formal_v22,runs/v4r/v4_pilot/supervised/final_nets.pt,2.0,17,30,29,freeze_crossing,-3.6277714425716887,0.1999277701650608,-3.8276992127367495,2.523333829679048,-0.5602718965068867,4.440892098500626e-16,5.7373785202484,-1.5994221613206125,19.96765187631666,13.271263403455709,True,30,0,0,1.444064375389928,1.444064375389928,False
92ff8a33cbc2,v6_formal_v22,constant,2.0,15,16,15,adoption_step,-3.352297726441762,0.26121613990127557,-3.6135138663430375,1.5680637467976482,-1.281389320677846,3.552713678800501e-15,20.3850843284468,-2.089729119210443,91.11034477441694,77.3042887438505,False,16,1,1,2.2854973314196405,2.2854973314196405,True
9335e686384e,v6_formal_v22,runs/v4r_s2/v4_pilot/supervised/final_nets.pt,2.0,19,28,27,highspeed_update,-2.2446561118971218,-0.04250895214874317,-2.2021471597483786,1.7615851435932939,-0.14637255151925999,4.440892098500626e-16,7.576964895594968,0.3400716171890803,29.572704717285617,23.582075109739755,False,28,0,0,0.6801432343781606,0.6801432343781606,False
9611efc459cf,v6_formal_v22,constant,2.0,15,28,27,highspeed_update,-2.2446561118971218,-0.04250895214874317,-2.2021471597483786,1.7615851435932939,-0.14637255151925999,4.440892098500626e-16,7.576964895594968,0.3400716171890803,29.572704717285617,23.582075109739755,False,28,0,0,0.6801432343781606,0.6801432343781606,False
99bce1c256d1,v6_formal_v22,constant,2.0,17,28,27,highspeed_update,-2.2446561118971218,-0.04250895214874317,-2.2021471597483786,1.7615851435932939,-0.14637255151925999,4.440892098500626e-16,7.576964895594968,0.3400716171890803,29.572704717285617,23.582075109739755,False,28,0,0,0.6801432343781606,0.6801432343781606,False
9ad22a7357bd,v6_formal_v22,runs/v4r_s2/v4_pilot/supervised/final_nets.pt,4.0,15,16,15,adoption_step,-3.077048366440337,0.32562983143428603,-3.4026781978746232,1.5898194947617839,-1.0256716167125006,2.220446049250313e-15,20.546333595281364,-2.6050386514744366,90.66388023666318,76.98803524114787,False,16,0,0,1.7899226970511268,1.7899226970511268,False
9bb90cb3822a,v6_formal_v22,runs/v4r/v4_pilot/supervised/final_nets.pt,3.0,8,31,30,freeze_crossing,-4.963824932895632,0.16886494510786143,-5.132689878003493,2.35441425463622,-1.864836938325066,8.881784197001252e-16,5.334136558076626,-1.3509195608624562,18.216867772631026,10.41710961558922,True,31,1,1,4.2981608782750875,4.2981608782750875,True
9df9d49612bc,v6_formal_v22,runs/v4r/v4_pilot/supervised/final_nets.pt,3.0,5,30,29,freeze_crossing,-6.650383279406947,0.16452906664287736,-6.814912346049825,2.7667996749721775,-2.8860261125237265,8.881784197001252e-16,5.194018852427733,-1.316232533142852,18.405870987444384,8.993949215180693,True,30,1,1,4.367534933714296,4.367534933714296,True
9e9d41bef3f5,v6_formal_v22,runs/v4r/v4_pilot/supervised/final_nets.pt,4.0,11,30,29,freeze_crossing,-6.656169504690341,0.11777550185275087,-6.773945006543093,2.587040097960915,-3.0707039810258747,0.0,5.376469976881247,-0.9422040148215878,18.39467820090431,8.932498205920593,True,30,1,1,5.1155919703568244,5.1155919703568244,True
9ff07369de96,v6_formal_v22,constant,2.0,5,28,27,highspeed_update,-2.2446561118971218,-0.04250895214874317,-2.2021471597483786,1.7615851435932939,-0.14637255151925999,4.440892098500626e-16,7.576964895594968,0.3400716171890803,29.572704717285617,23.582075109739755,False,28,0,0,0.6801432343781606,0.6801432343781606,False
a31b69d905fa,v6_formal_v22,runs/v4r_s2/v4_pilot/supervised/final_nets.pt,4.0,18,19,15,before_adoption,-3.077048366440337,0.32562983143428603,-3.4026781978746232,1.5898194947617839,-1.0256716167125006,2.220446049250313e-15,20.546333595281364,-2.6050386514744366,90.66388023666318,76.98803524114787,False,16,0,0,0.0,1.7899226970511268,False
a59ca54b0554,v6_formal_v22,constant,2.0,8,28,27,highspeed_update,-2.2446561118971218,-0.04250895214874317,-2.2021471597483786,1.7615851435932939,-0.14637255151925999,4.440892098500626e-16,7.576964895594968,0.3400716171890803,29.572704717285617,23.582075109739755,False,28,0,0,0.6801432343781606,0.6801432343781606,False
a6e865fc6414,v6_formal_v22,runs/v4r_s1/v4_pilot/supervised/final_nets.pt,4.0,20,40,39,creep,-0.026074879302291798,-0.026074879302292006,2.0816681711721685e-16,0.008161956387588438,-0.014001691019359101,4.891920202254596e-16,0.16097584343465463,0.20859903441869027,7.170184709763568,7.089696788046241,False,40,0,0,0.8542204097021433,0.8542204097021433,False
addc36289063,v6_formal_v22,runs/v4r_s2/v4_pilot/supervised/final_nets.pt,3.0,8,30,29,freeze_crossing,-3.7131356585293585,0.16839290244267424,-3.8815285609720327,2.920673610092118,-0.23549169965783712,4.440892098500626e-16,5.6975065169396295,-1.3471432195408237,19.78885510218408,13.058573282742232,True,30,0,0,2.192402974383892,2.192402974383892,False
af904e44a3d5,v6_formal_v22,constant,3.0,15,16,15,adoption_step,-3.123486768587142,0.2942223449501604,-3.4177091135373026,1.5851188443725306,-1.0698449089265267,1.3322676295501878e-14,20.546473213562017,-2.3537787595996633,90.70152733496019,77.01058161464188,False,16,0,0,2.2924424808006734,2.2924424808006734,False
afe769823f43,v6_formal_v22,constant,3.0,8,30,29,freeze_crossing,-3.7131356585293585,0.16839290244267424,-3.8815285609720327,2.920673610092118,-0.23549169965783712,4.440892098500626e-16,5.6975065169396295,-1.3471432195408237,19.78885510218408,13.058573282742232,True,30,0,0,2.192402974383892,2.192402974383892,False
b25b6c4069cf,v6_formal_v22,runs/v4r_s2/v4_pilot/supervised/final_nets.pt,3.0,13,27,26,freeze_crossing,-3.65780883638301,0.16902811822193886,-3.826836954604949,2.2097151252736644,-0.8994223856518939,0.0,5.243322903775846,-1.3522249457772535,17.840170616964745,11.391672210471873,True,27,1,1,3.7865887123557727,3.7865887123557727,True
b531117fa1e0,v6_formal_v22,runs/v4r_s2/v4_pilot/supervised/final_nets.pt,2.0,18,19,15,before_adoption,-3.352297726441762,0.26121613990127557,-3.6135138663430375,1.5680637467976482,-1.281389320677846,3.552713678800501e-15,20.3850843284468,-2.089729119210443,91.11034477441694,77.3042887438505,False,16,1,0,0.4635229051987153,2.2854973314196405,True
b84800eca570,v6_formal_v22,runs/v4r/v4_pilot/supervised/final_nets.pt,4.0,16,40,39,creep,-0.02459641231026044,-0.024596412310260607,1.6653345369377348e-16,0.008028688117897614,-0.012878262345823538,2.220446049250313e-16,0.15624199923368776,0.19677129848139963,7.167747161337548,7.089626161720704,False,40,0,0,0.81209604879751,0.81209604879751,False
b96f69b22a9c,v6_formal_v22,constant,3.0,18,19,15,before_adoption,-3.123486768587142,0.2942223449501604,-3.4177091135373026,1.5851188443725306,-1.0698449089265267,1.3322676295501878e-14,20.546473213562017,-2.3537787595996633,90.70152733496019,77.01058161464188,False,16,0,0,0.15789111843332648,2.2924424808006734,False
ba14a8d25280,v6_formal_v22,runs/v4r_s2/v4_pilot/supervised/final_nets.pt,2.0,21,28,27,highspeed_update,-2.2446561118971218,-0.04250895214874317,-2.2021471597483786,1.7615851435932939,-0.14637255151925999,4.440892098500626e-16,7.576964895594968,0.3400716171890803,29.572704717285617,23.582075109739755,False,28,0,0,0.6801432343781606,0.6801432343781606,False
ba20579ea032,v6_formal_v22,runs/v4r_s2/v4_pilot/supervised/final_nets.pt,4.0,12,28,27,freeze_crossing,-5.739250461593807,0.1279888105778264,-5.867239272171633,2.4959529111024565,-2.3824099812522803,8.881784197001252e-16,5.294688046583287,-1.0239104846227534,18.052439808090842,9.537856512627565,True,28,1,1,4.952179030754493,4.952179030754493,True
c346e8665554,v6_formal_v22,runs/v4r/v4_pilot/supervised/final_nets.pt,2.0,15,29,28,freeze_crossing,-4.292729096164173,0.1560638183562082,-4.448792914520381,1.822504163820696,-1.8263155679188507,4.440892098500626e-16,5.515823529276036,-1.248510546848392,18.98992517886866,11.78322049971026,True,29,1,1,4.233279682334153,4.233279682334153,True
c82065aedf9b,v6_formal_v22,runs/v4r_s1/v4_pilot/supervised/final_nets.pt,4.0,16,31,30,freeze_crossing,-4.2593333271978615,0.10866681482797924,-4.36800014202584,2.2950897978730325,-1.3253435302451493,4.440892098500626e-16,5.218277509546634,-0.8693345186248536,17.737419673192413,10.760280776393255,True,31,1,1,5.261330962750293,5.261330962750293,True
c87e3d03b9ac,v6_formal_v22,runs/v4r/v4_pilot/supervised/final_nets.pt,3.0,21,30,29,freeze_crossing,-3.307289982416563,0.18937612866654785,-3.496666111083111,2.7602822716185873,-0.05091421343549207,8.881784197001252e-16,5.5261015278655155,-1.5150090293335943,19.03443062599112,12.774713750975252,True,30,0,0,1.7196606042515938,1.7196606042515938,False
c92275ad9e56,v6_formal_v22,runs/v4r_s2/v4_pilot/supervised/final_nets.pt,3.0,10,40,39,creep,-0.008783946566616407,-0.008783946566616678,2.706168622523819e-16,0.006769162240387459,-0.0006971923412361324,3.5475095083725705e-16,0.1078233894363768,0.07027157253440722,7.14362775944508,7.0897160647268915,False,40,0,0,0.3648283524645768,0.3648283524645768,False
cd75722fa309,v6_formal_v22,runs/v4r_s2/v4_pilot/supervised/final_nets.pt,2.0,15,16,15,adoption_step,-3.352297726441762,0.26121613990127557,-3.6135138663430375,1.5680637467976482,-1.281389320677846,3.552713678800501e-15,20.3850843284468,-2.089729119210443,91.11034477441694,77.3042887438505,False,16,1,1,2.2854973314196405,2.2854973314196405,True
d21ddb970e79,v6_formal_v22,runs/v4r/v4_pilot/supervised/final_nets.pt,2.0,16,28,27,freeze_crossing,-6.285777216426862,0.2095908862686917,-6.495368102695553,2.66797306433621,-2.674937569626622,0.0,5.794227917876372,-1.676727090150532,20.224736142862128,10.832254081228388,True,28,1,1,3.646545819698936,3.646545819698936,True
d5fa551be11c,v6_formal_v22,runs/v4r/v4_pilot/supervised/final_nets.pt,4.0,14,40,39,creep,-0.024584887748339668,-0.02458488774833971,4.163336342344337e-17,0.008027646310788207,-0.012869508275300333,1.7694179454963432e-16,0.15620505924538017,0.1966791019851694,7.167728125547448,7.089625595924758,False,40,0,0,0.8117676330642813,0.8117676330642813,False
dac17bf9c3e8,v6_formal_v22,runs/v4r/v4_pilot/supervised/final_nets.pt,2.0,21,30,29,freeze_crossing,-3.6277714425716887,0.1999277701650608,-3.8276992127367495,2.523333829679048,-0.5602718965068867,4.440892098500626e-16,5.7373785202484,-1.5994221613206125,19.96765187631666,13.271263403455709,True,30,0,0,1.444064375389928,1.444064375389928,False
dae74382475f,v6_formal_v22,runs/v4r/v4_pilot/supervised/final_nets.pt,4.0,13,40,39,creep,-0.024584692383836426,-0.024584692383836676,2.498001805406602e-16,0.008027628628613268,-0.01286935989764805,3.5735303605122226e-16,0.1562044331509687,0.1966775390718688,7.1677278029167715,7.089625586341287,False,40,0,0,0.8117620661605893,0.8117620661605893,False
db22facefbd2,v6_formal_v22,constant,2.0,18,19,15,before_adoption,-3.352297726441762,0.26121613990127557,-3.6135138663430375,1.5680637467976482,-1.281389320677846,3.552713678800501e-15,20.3850843284468,-2.089729119210443,91.11034477441694,77.3042887438505,False,16,1,0,0.4635229051987153,2.2854973314196405,True
dfb48f450409,v6_formal_v22,runs/v4r_s1/v4_pilot/supervised/final_nets.pt,4.0,17,40,39,creep,-0.01605707542950885,-0.01605707542950857,-2.7755575615628914e-16,0.007791326521373293,-0.00585718759370954,3.1051550219984847e-16,0.13599850386312207,0.1284566034355652,7.159931532369292,7.091932280437731,False,40,0,0,0.5792763055801107,0.5792763055801107,False
e37da99e3f5b,v6_formal_v22,runs/v4r/v4_pilot/supervised/final_nets.pt,2.0,18,28,27,freeze_crossing,-4.355978676456624,0.08794098493246993,-4.443919661389094,3.427573346601833,-0.2750085283862971,4.440892098500626e-16,4.165817898871274,-0.703527879458127,18.157137958255053,11.630309347430321,True,28,0,0,0.2515470166255156,0.2515470166255156,False
ec8ac44ff890,v6_formal_v22,runs/v4r_s2/v4_pilot/supervised/final_nets.pt,3.0,18,19,15,before_adoption,-3.123486768587142,0.2942223449501604,-3.4177091135373026,1.5851188443725306,-1.0698449089265267,1.3322676295501878e-14,20.546473213562017,-2.3537787595996633,90.70152733496019,77.01058161464188,False,16,0,0,0.15789111843332648,2.2924424808006734,False
f098e9c14848,v6_formal_v22,runs/v4r/v4_pilot/supervised/final_nets.pt,4.0,13,39,38,creep,-0.012678641713937289,-0.012678641713937261,-2.7755575615628914e-17,0.009747185845745424,-0.0010296596111012274,4.336808689942018e-17,0.1553197605633247,0.10142913371193166,7.180954327963698,7.103294447682035,False,39,0,0,0.5279991928844008,0.5279991928844008,False
f0b3a0d97f81,v6_formal_v22,runs/v4r/v4_pilot/supervised/final_nets.pt,2.0,19,30,29,freeze_crossing,-3.6277714425716887,0.1999277701650608,-3.8276992127367495,2.523333829679048,-0.5602718965068867,4.440892098500626e-16,5.7373785202484,-1.5994221613206125,19.96765187631666,13.271263403455709,True,30,0,0,1.444064375389928,1.444064375389928,False
f225a4a2ed86,v6_formal_v22,constant,4.0,10,39,38,creep,-0.019479032899295312,-0.019479032899295534,2.220446049250313e-16,0.009202798551328661,-0.007354379413071599,7.528699885739343e-16,0.16166204586735455,0.15583226319366994,7.1785500018204615,7.0977189788867845,False,39,0,0,0.698640073296874,0.698640073296874,False
fa29c0d2d733,v6_formal_v22,runs/v4r_s2/v4_pilot/supervised/final_nets.pt,2.0,17,28,27,highspeed_update,-2.2446561118971218,-0.04250895214874317,-2.2021471597483786,1.7615851435932939,-0.14637255151925999,4.440892098500626e-16,7.576964895594968,0.3400716171890803,29.572704717285617,23.582075109739755,False,28,0,0,0.6801432343781606,0.6801432343781606,False
fadb80877357,v6_formal_v22,constant,2.0,14,16,15,highspeed_update,-3.3497052534070235,0.2741785050750103,-3.623883758482034,2.184943132223779,-0.6623063331721966,5.773159728050814e-15,20.333234867751862,-2.193428040600321,91.11034477441694,77.31984358205898,False,16,0,0,1.861681040688075,1.861681040688075,False
fbde62e32451,v6_formal_v22,runs/v4r_s2/v4_pilot/supervised/final_nets.pt,2.0,11,28,27,highspeed_update,-2.2446561118971218,-0.04250895214874317,-2.2021471597483786,1.7615851435932939,-0.14637255151925999,4.440892098500626e-16,7.576964895594968,0.3400716171890803,29.572704717285617,23.582075109739755,False,28,0,0,0.6801432343781606,0.6801432343781606,False
fcfa60694ec9,v6_formal_v22,runs/v4r_s2/v4_pilot/supervised/final_nets.pt,2.0,14,28,27,highspeed_update,-2.2446561118971218,-0.04250895214874317,-2.2021471597483786,1.7615851435932939,-0.14637255151925999,4.440892098500626e-16,7.576964895594968,0.3400716171890803,29.572704717285617,23.582075109739755,False,28,0,0,0.6801432343781606,0.6801432343781606,False
fd859b490db7,v6_formal_v22,runs/v4r_s2/v4_pilot/supervised/final_nets.pt,2.0,15,28,27,highspeed_update,-2.2446561118971218,-0.04250895214874317,-2.2021471597483786,1.7615851435932939,-0.14637255151925999,4.440892098500626e-16,7.576964895594968,0.3400716171890803,29.572704717285617,23.582075109739755,False,28,0,0,0.6801432343781606,0.6801432343781606,False
ffb77cae7081,v6_formal_v22,runs/v4r/v4_pilot/supervised/final_nets.pt,3.0,19,27,26,freeze_crossing,-5.423099537211247,0.14067309842813636,-5.563772635639383,2.6917585924609257,-1.917876014168633,8.881784197001252e-16,5.643840516740031,-1.1253847874250358,19.550170893488982,11.164477999479583,True,27,1,1,4.749230425149928,4.749230425149928,True
013810b0d452,v6_formal_v16,constant,3.0,20,34,33,freeze_crossing,-6.1215357857190735,0.19837558910375241,-6.319911374822826,3.0443452961021613,-2.1589601217590513,0.0,5.678496541108889,-1.587004712831618,19.704048222504085,10.544888577126814,True,34,1,1,3.825990574336764,3.825990574336764,True
01ed7776a8aa,v6_formal_v16,runs/v4r_s1/v4_pilot/supervised/final_nets.pt,2.0,23,37,36,highspeed_update,-1.7538124506152517,0.009461609357090506,-1.7632740599723422,0.42094270497772435,-1.0697978780452395,0.0,5.593646165659092,-0.07569287485800177,19.672564232516258,15.11246708971437,False,37,0,0,0.6626165144328258,0.6626165144328258,False
05f67831784c,v6_formal_v16,runs/v4r_s1/v4_pilot/supervised/final_nets.pt,2.0,28,37,36,freeze_crossing,-6.7991839901540665,0.054212288711858125,-6.853396278865924,3.0014039595057227,-2.7779024321252344,8.881784197001252e-16,6.173951827147834,-0.4336983096934741,23.63174628908346,13.691374096643617,True,37,1,1,4.74357191261895,4.74357191261895,True
0a59d0d47ef6,v6_formal_v16,runs/v4r_s1/v4_pilot/supervised/final_nets.pt,2.0,21,37,36,highspeed_update,-1.7120946178300187,0.014870345815965358,-1.726964963645984,0.4239697700774787,-1.0313106550780375,4.440892098500626e-16,5.6231895650931545,-0.11896276652605314,19.65997108936661,15.12141134317405,False,37,0,0,0.6793474318762945,0.6793474318762945,False
0ba4ead83675,v6_formal_v16,runs/v4r_s2/v4_pilot/supervised/final_nets.pt,3.0,20,34,33,freeze_crossing,-6.1215357857190735,0.19837558910375241,-6.319911374822826,3.0443452961021613,-2.1589601217590513,0.0,5.678496541108889,-1.587004712831618,19.704048222504085,10.544888577126814,True,34,1,1,3.825990574336764,3.825990574336764,True
181357589666,v6_formal_v16,runs/v4r/v4_pilot/supervised/final_nets.pt,2.0,18,35,34,freeze_crossing,-3.9919336804700745,0.07545125465045022,-4.067384935120525,1.0556328437631812,-2.3375107846363807,1.3322676295501878e-15,5.573852321564194,-0.6036100372045645,19.242286157885164,12.387975061982543,True,35,1,1,4.50142966542564,4.50142966542564,True
18d4a70699f6,v6_formal_v16,runs/v4r/v4_pilot/supervised/final_nets.pt,4.0,11,36,35,freeze_crossing,-4.84189179291814,0.039941362534329006,-4.881833155452469,2.203522927441189,-1.9120850965392302,0.0,5.339734709152778,-0.3195309002734419,18.24030069181596,10.688600181787102,True,36,1,1,6.360938199453116,6.360938199453116,True
1bd9c50020f7,v6_formal_v16,runs/v4r_s1/v4_pilot/supervised/final_nets.pt,4.0,26,37,36,freeze_crossing,-6.6570735869309186,-0.0285596557022183,-6.6285139312287,3.666006529039767,-1.9925060198515139,0.0,6.3217657094225945,0.2284772456182136,23.143447361127777,13.35405057518778,True,37,1,1,7.282171073050776,7.282171073050776,True
1da7e87870bf,v6_formal_v16,runs/v4r/v4_pilot/supervised/final_nets.pt,3.0,15,35,34,freeze_crossing,-4.116497879579111,0.10333918187932012,-4.219837061458431,2.899606935249908,-0.5994162623923369,8.881784197001252e-16,5.6380162661322695,-0.826713455034696,20.00599473812823,12.967149543603664,True,35,1,1,3.170665399883589,3.170665399883589,True
21ff8c680e51,v6_formal_v16,runs/v4r/v4_pilot/supervised/final_nets.pt,2.0,26,27,25,before_adoption,-9.41388652786582,0.12003772846984795,-9.533924256335668,1.142804615630162,-6.858998933055787,1.7763568394002505e-15,14.997319405428396,-0.9603018277601509,59.356385230027975,42.32380127097811,False,26,1,0,0.0,5.079396344479698,True
24b69e0c47e2,v6_formal_v16,runs/v4r/v4_pilot/supervised/final_nets.pt,3.0,25,26,25,adoption_step,-9.730558390806934,0.09210931336276662,-9.8226677041697,1.165792664525057,-7.10518196766084,3.552713678800501e-15,15.359683545783218,-0.7368745069027682,59.27902201964398,41.77651254258267,False,26,1,1,5.526250986194464,5.526250986194464,True
2676b6d9ca74,v6_formal_v16,runs/v4r/v4_pilot/supervised/final_nets.pt,2.0,15,35,34,highspeed_update,-1.9253508399877894,0.018653094623814592,-1.944003934611604,0.4083963840983058,-1.2281518298913143,8.881784197001252e-16,5.407978922257116,-0.14922475699013807,18.888046386280614,14.240052990540452,True,35,0,0,1.2659017353082695,1.2659017353082695,False
2934758504f6,v6_formal_v16,runs/v4r_s1/v4_pilot/supervised/final_nets.pt,4.0,9,45,44,creep,-0.02383615483976076,-0.0238361548397608,4.163336342344337e-17,0.00871463798737835,-0.011546093626419139,8.430756093247282e-16,0.16386748209931498,0.1906892387193065,7.175369949165434,7.093436208115777,False,45,0,0,0.805311431400813,0.805311431400813,False
2ac0dcd93dfd,v6_formal_v16,runs/v4r/v4_pilot/supervised/final_nets.pt,3.0,26,27,25,before_adoption,-9.730558390806934,0.09210931336276662,-9.8226677041697,1.165792664525057,-7.10518196766084,3.552713678800501e-15,15.359683545783218,-0.7368745069027682,59.27902201964398,41.77651254258267,False,26,1,0,0.0,5.526250986194464,True
2bc6d5903d81,v6_formal_v16,runs/v4r/v4_pilot/supervised/final_nets.pt,4.0,9,36,35,freeze_crossing,-4.841891218875025,0.039941364912702504,-4.881832583787728,2.2035223037955127,-1.912085232248259,8.881784197001252e-16,5.339734321638824,-0.3195309193015774,18.24029906889713,10.68859932428999,True,36,1,1,6.360938161396845,6.360938161396845,True
2c699c5dca73,v6_formal_v16,runs/v4r_s2/v4_pilot/supervised/final_nets.pt,4.0,19,34,33,freeze_crossing,-6.034879154196879,0.18948389517496667,-6.224363049371846,3.3017779700549967,-1.8278693110123507,0.0,5.621759331676613,-1.5158711614013605,19.452618816977882,10.41737610176773,True,34,0,0,3.968257677197279,3.968257677197279,False
318d156b7186,v6_formal_v16,runs/v4r_s1/v4_pilot/supervised/final_nets.pt,2.0,24,37,36,freeze_crossing,-6.7991839901540665,0.054212288711858125,-6.853396278865924,3.0014039595057227,-2.7779024321252344,8.881784197001252e-16,6.173951827147834,-0.4336983096934741,23.63174628908346,13.691374096643617,True,37,1,1,4.74357191261895,4.74357191261895,True
34b78e80f75f,v6_formal_v16,runs/v4r_s1/v4_pilot/supervised/final_nets.pt,2.0,26,37,36,freeze_crossing,-6.7991839901540665,0.054212288711858125,-6.853396278865924,3.0014039595057227,-2.7779024321252344,8.881784197001252e-16,6.173951827147834,-0.4336983096934741,23.63174628908346,13.691374096643617,True,37,1,1,4.74357191261895,4.74357191261895,True
36be5120e2a9,v6_formal_v16,runs/v4r/v4_pilot/supervised/final_nets.pt,2.0,15,35,34,highspeed_update,-1.9253508399877894,0.018653094623814592,-1.944003934611604,0.4083963840983058,-1.2281518298913143,8.881784197001252e-16,5.407978922257116,-0.14922475699013807,18.888046386280614,14.240052990540452,True,35,0,0,1.2659017353082695,1.2659017353082695,False
3895f0244276,v6_formal_v16,runs/v4r/v4_pilot/supervised/final_nets.pt,2.0,25,26,25,adoption_step,-9.41388652786582,0.12003772846984795,-9.533924256335668,1.142804615630162,-6.858998933055787,1.7763568394002505e-15,14.997319405428396,-0.9603018277601509,59.356385230027975,42.32380127097811,False,26,1,1,5.079396344479698,5.079396344479698,True
39b2ab1c6c65,v6_formal_v16,runs/v4r_s1/v4_pilot/supervised/final_nets.pt,3.0,21,37,36,highspeed_already_negative,-3.276731738863763,-0.16100098631740023,-3.1157307525463627,-0.14422977246967328,-2.929451750503871,8.881784197001252e-16,6.685602686610557,1.2880078905379762,23.59968422442704,17.1411521285754,False,37,1,1,4.556221272839011,4.556221272839011,True
3afd3909a4ab,v6_formal_v16,runs/v4r/v4_pilot/supervised/final_nets.pt,4.0,25,26,25,adoption_step,-9.691158573611013,0.07994210621651288,-9.771100679827526,1.1774224143354957,-7.060062373233869,3.552713678800501e-15,15.539081307571978,-0.6395368497322476,59.23980333968293,41.699162006069415,False,26,1,1,5.720926300535504,5.720926300535504,True
3bb61cf4c932,v6_formal_v16,constant,3.0,25,26,25,adoption_step,-9.730488295299452,0.09210967972770412,-9.822597975027156,1.165790385296205,-7.105124665708331,1.7763568394002505e-15,15.359652439470057,-0.7368774378204174,59.27883214363105,41.776407948868865,False,26,1,1,5.526245124359165,5.526245124359165,True
3d7cd120ef4d,v6_formal_v16,runs/v4r_s1/v4_pilot/supervised/final_nets.pt,4.0,30,37,36,freeze_crossing,-6.6570735869309186,-0.0285596557022183,-6.6285139312287,3.666006529039767,-1.9925060198515139,0.0,6.3217657094225945,0.2284772456182136,23.143447361127777,13.35405057518778,True,37,1,1,7.282171073050776,7.282171073050776,True
3f46e4911799,v6_formal_v16,runs/v4r_s2/v4_pilot/supervised/final_nets.pt,3.0,25,26,25,adoption_step,-9.730488295299452,0.09210967972770412,-9.822597975027156,1.165790385296205,-7.105124665708331,1.7763568394002505e-15,15.359652439470057,-0.7368774378204174,59.27883214363105,41.776407948868865,False,26,1,1,5.526245124359165,5.526245124359165,True
43a0b7029dbe,v6_formal_v16,runs/v4r_s2/v4_pilot/supervised/final_nets.pt,4.0,25,26,25,adoption_step,-9.691089053107419,0.07994223227437658,-9.771031285381795,1.177420049983752,-7.060005645157553,1.7763568394002505e-15,15.539049515791618,-0.6395378581948422,59.239613957678415,41.69905791440081,False,26,1,1,5.720924283610316,5.720924283610316,True
447021dcbf84,v6_formal_v16,constant,4.0,26,27,25,before_adoption,-9.691089053107419,0.07994223227437658,-9.771031285381795,1.177420049983752,-7.060005645157553,1.7763568394002505e-15,15.539049515791618,-0.6395378581948422,59.239613957678415,41.69905791440081,False,26,1,0,0.0,5.720924283610316,True
483bd153ead0,v6_formal_v16,runs/v4r_s1/v4_pilot/supervised/final_nets.pt,3.0,30,33,32,highspeed_update,-4.453037980493509,0.4375000000001972,-4.890537980493706,3.049913613747508,-0.7351686696719728,1.3322676295501878e-15,9.90671677454117,-3.5,32.79484043872458,22.950944070960286,False,33,0,0,0.0,0.0,False
4a25ee5bed86,v6_formal_v16,runs/v4r/v4_pilot/supervised/final_nets.pt,3.0,19,34,33,freeze_crossing,-6.221876340441312,0.21234917037557777,-6.434225510816891,3.2655040383194436,-2.023090851055672,0.0,5.769415172609052,-1.69879336300375,20.11221624860066,10.793283151479244,True,34,1,1,3.6024132739925,3.6024132739925,True
4b1729ee6e95,v6_formal_v16,constant,4.0,23,42,41,creep,-0.01031907967210799,-0.010319079672107795,-1.942890293094024e-16,0.007631513762759487,-0.0011397039585324814,1.7867651802561113e-16,0.12239167604353401,0.08255263737641183,7.154676091024533,7.093480253002766,False,42,0,0,0.4228450945322175,0.4228450945322175,False
4ce511dda5bd,v6_formal_v16,runs/v4r/v4_pilot/supervised/final_nets.pt,2.0,21,35,34,freeze_crossing,-3.9919336804700745,0.07545125465045022,-4.067384935120525,1.0556328437631812,-2.3375107846363807,1.3322676295501878e-15,5.573852321564194,-0.6036100372045645,19.242286157885164,12.387975061982543,True,35,1,1,4.50142966542564,4.50142966542564,True
5070f7952732,v6_formal_v16,runs/v4r/v4_pilot/supervised/final_nets.pt,2.0,20,36,35,freeze_crossing,-1.8627256515910116,0.09785923251788153,-1.960584884108893,0.8801042759617381,-0.7032125278906225,8.881784197001252e-16,5.224127677534587,-0.7828738601430949,17.761376467130347,13.18872774425416,True,36,0,0,1.1798806742553865,1.1798806742553865,False
54e43cd9f7aa,v6_formal_v16,runs/v4r_s1/v4_pilot/supervised/final_nets.pt,4.0,19,37,36,freeze_crossing,-6.209110681847985,-0.12303417992590093,-6.086076501922085,2.06409465089862,-3.2136494286721673,0.0,6.081537456879983,0.9842734394072679,21.613122458831135,12.48627722846906,True,37,1,1,8.968546878814536,8.968546878814536,True
582e4c5c84a8,v6_formal_v16,runs/v4r_s1/v4_pilot/supervised/final_nets.pt,2.0,12,36,35,freeze_crossing,-3.040707154385764,0.10403802148485042,-3.1447451758706144,1.5949375402539854,-0.989663540973913,8.881784197001252e-16,5.737773089883554,-0.8323041718799189,19.96942746313394,13.955795742321548,True,36,0,0,1.7235068733489065,1.7235068733489065,False
586606ebfa83,v6_formal_v16,runs/v4r/v4_pilot/supervised/final_nets.pt,4.0,11,36,35,freeze_crossing,-4.84189179291814,0.039941362534329006,-4.881833155452469,2.203522927441189,-1.9120850965392302,0.0,5.339734709152778,-0.3195309002734419,18.24030069181596,10.688600181787102,True,36,1,1,6.360938199453116,6.360938199453116,True
6698ce404383,v6_formal_v16,runs/v4r_s2/v4_pilot/supervised/final_nets.pt,2.0,22,34,33,freeze_crossing,-4.495604838680171,0.10912774785464796,-4.604732586534819,1.1239796359591558,-2.6972844769189894,0.0,5.328967633249353,-0.8730219828372547,18.19525334753692,10.926036944377424,True,34,1,1,5.2539560343254905,5.2539560343254905,True
6f095cc60e55,v6_formal_v16,runs/v4r_s2/v4_pilot/supervised/final_nets.pt,2.0,25,26,25,adoption_step,-9.413820238357552,0.12003731063571443,-9.533857548993266,1.1428020165913253,-6.8589451860125905,3.552713678800501e-15,14.997285589961525,-0.9602984850861094,59.35620155393853,42.323701209964504,False,26,1,1,5.079403029827781,5.079403029827781,True
7552a7f8cce9,v6_formal_v16,runs/v4r/v4_pilot/supervised/final_nets.pt,4.0,22,44,43,creep,-0.015065523938517345,-0.015065523938517442,9.71445146547012e-17,0.007763794118041241,-0.005041901229698324,1.7694179454963432e-16,0.13364830236957934,0.12052419150847021,7.159024356317373,7.092200205132584,False,44,0,0,0.5522449172017982,0.5522449172017982,False
76d2e91ec2a1,v6_formal_v16,runs/v4r_s1/v4_pilot/supervised/final_nets.pt,4.0,28,36,35,freeze_crossing,-6.338500581673971,0.23827907942834736,-6.576779661102318,3.367798068772828,-2.019927425650046,1.7763568394002505e-15,5.680108477545711,-1.9062326354253347,19.711228359485197,10.294394459610023,True,36,0,0,3.1875347291493306,3.1875347291493306,False
7b84c437386b,v6_formal_v16,runs/v4r_s2/v4_pilot/supervised/final_nets.pt,2.0,26,27,25,before_adoption,-9.413820238357552,0.12003731063571443,-9.533857548993266,1.1428020165913253,-6.8589451860125905,3.552713678800501e-15,14.997285589961525,-0.9602984850861094,59.35620155393853,42.323701209964504,False,26,1,0,0.0,5.079403029827781,True
7bf8d3626538,v6_formal_v16,runs/v4r/v4_pilot/supervised/final_nets.pt,2.0,24,35,34,freeze_crossing,-3.9919336804700745,0.07545125465045022,-4.067384935120525,1.0556328437631812,-2.3375107846363807,1.3322676295501878e-15,5.573852321564194,-0.6036100372045645,19.242286157885164,12.387975061982543,True,35,1,1,4.50142966542564,4.50142966542564,True
7eb23961f395,v6_formal_v16,runs/v4r/v4_pilot/supervised/final_nets.pt,2.0,18,35,34,freeze_crossing,-3.9919336804700745,0.07545125465045022,-4.067384935120525,1.0556328437631812,-2.3375107846363807,1.3322676295501878e-15,5.573852321564194,-0.6036100372045645,19.242286157885164,12.387975061982543,True,35,1,1,4.50142966542564,4.50142966542564,True
81cb9bf8fc8b,v6_formal_v16,constant,2.0,23,26,25,highspeed_update,-9.387727860227365,0.2530173785344232,-9.640745238761788,6.7931608759243005,-1.1864078052689564,2.6645352591003757e-15,14.463791457586922,-2.0241390282753855,59.35667371217253,42.48403274461728,False,26,1,1,2.3134700476325705,2.3134700476325705,True
8247402f284d,v6_formal_v16,runs/v4r/v4_pilot/supervised/final_nets.pt,3.0,15,35,34,freeze_crossing,-4.116497879579111,0.10333918187932012,-4.219837061458431,2.899606935249908,-0.5994162623923369,8.881784197001252e-16,5.6380162661322695,-0.826713455034696,20.00599473812823,12.967149543603664,True,35,1,1,3.170665399883589,3.170665399883589,True
8357577a08de,v6_formal_v16,runs/v4r_s2/v4_pilot/supervised/final_nets.pt,4.0,23,42,41,creep,-0.01031907967210799,-0.010319079672107795,-1.942890293094024e-16,0.007631513762759487,-0.0011397039585324814,1.7867651802561113e-16,0.12239167604353401,0.08255263737641183,7.154676091024533,7.093480253002766,False,42,0,0,0.4228450945322175,0.4228450945322175,False
84d660033226,v6_formal_v16,runs/v4r_s1/v4_pilot/supervised/final_nets.pt,2.0,30,37,36,freeze_crossing,-6.7991839901540665,0.054212288711858125,-6.853396278865924,3.0014039595057227,-2.7779024321252344,8.881784197001252e-16,6.173951827147834,-0.4336983096934741,23.63174628908346,13.691374096643617,True,37,1,1,4.74357191261895,4.74357191261895,True
872fafa91bd6,v6_formal_v16,runs/v4r/v4_pilot/supervised/final_nets.pt,2.0,22,34,33,freeze_crossing,-4.495607199705276,0.10912715101674975,-4.604734350722026,1.1239758261852266,-2.697290293564258,0.0,5.3289688318818955,-0.8730172081356482,18.195258357321208,10.926039590658235,True,34,1,1,5.253965583728704,5.253965583728704,True
89a492168601,v6_formal_v16,constant,2.0,25,26,25,adoption_step,-9.413820238357552,0.12003731063571443,-9.533857548993266,1.1428020165913253,-6.8589451860125905,3.552713678800501e-15,14.997285589961525,-0.9602984850861094,59.35620155393853,42.323701209964504,False,26,1,1,5.079403029827781,5.079403029827781,True
8a0b129ca9cc,v6_formal_v16,runs/v4r_s2/v4_pilot/supervised/final_nets.pt,3.0,19,34,33,freeze_crossing,-5.641032092206334,0.14455042108703298,-5.785582513293367,2.2731023109904607,-2.521774967384924,8.881784197001252e-16,5.349341914755114,-1.1564033686955533,18.28057212586488,9.820318655193955,True,34,1,1,4.6871932626088935,4.6871932626088935,True
8c0c20b455c3,v6_formal_v16,runs/v4r_s2/v4_pilot/supervised/final_nets.pt,2.0,23,26,25,highspeed_update,-9.387727860227365,0.2530173785344232,-9.640745238761788,6.7931608759243005,-1.1864078052689564,2.6645352591003757e-15,14.463791457586922,-2.0241390282753855,59.35667371217253,42.48403274461728,False,26,1,1,2.3134700476325705,2.3134700476325705,True
8d44b2106f72,v6_formal_v16,runs/v4r_s1/v4_pilot/supervised/final_nets.pt,3.0,23,37,36,highspeed_already_negative,-3.276414784871001,-0.16110443972101907,-3.115310345149982,-0.14792701511218098,-2.932879582252534,2.220446049250313e-15,6.68575138865635,1.2888355177687583,23.59870755695899,17.14052151748083,False,37,1,1,4.559416406345303,4.559416406345303,True
905a968b42fa,v6_formal_v16,runs/v4r_s1/v4_pilot/supervised/final_nets.pt,2.0,21,37,36,highspeed_update,-1.7120946178300187,0.014870345815965358,-1.726964963645984,0.4239697700774787,-1.0313106550780375,4.440892098500626e-16,5.6231895650931545,-0.11896276652605314,19.65997108936661,15.12141134317405,False,37,0,0,0.6793474318762945,0.6793474318762945,False
93c7a3f92239,v6_formal_v16,constant,4.0,25,26,25,adoption_step,-9.691089053107419,0.07994223227437658,-9.771031285381795,1.177420049983752,-7.060005645157553,1.7763568394002505e-15,15.539049515791618,-0.6395378581948422,59.239613957678415,41.69905791440081,False,26,1,1,5.720924283610316,5.720924283610316,True
93c950d3890a,v6_formal_v16,constant,3.0,26,27,25,before_adoption,-9.730488295299452,0.09210967972770412,-9.822597975027156,1.165790385296205,-7.105124665708331,1.7763568394002505e-15,15.359652439470057,-0.7368774378204174,59.27883214363105,41.776407948868865,False,26,1,0,0.0,5.526245124359165,True
95fb2e964879,v6_formal_v16,constant,4.0,22,44,43,creep,-0.014695213778426641,-0.014695213778426808,1.6653345369377348e-16,0.0077535028351961854,-0.004737428876466859,4.0072112295064244e-16,0.1327704650366911,0.11756171022576165,7.158685452968588,7.092300220450243,False,44,0,0,0.5421495646669408,0.5421495646669408,False
9636178d76a8,v6_formal_v16,runs/v4r_s1/v4_pilot/supervised/final_nets.pt,4.0,16,37,36,freeze_crossing,-6.187469121319024,-0.12303283178513524,-6.064436289533889,2.0641193676036362,-3.1952293855175355,8.881784197001252e-16,6.081539699921386,0.9842626542823254,21.61314025214014,12.50793411264556,True,37,1,1,8.96852530856465,8.96852530856465,True
a140c9777410,v6_formal_v16,runs/v4r/v4_pilot/supervised/final_nets.pt,2.0,26,35,34,freeze_crossing,-3.9919336804700745,0.07545125465045022,-4.067384935120525,1.0556328437631812,-2.3375107846363807,1.3322676295501878e-15,5.573852321564194,-0.6036100372045645,19.242286157885164,12.387975061982543,True,35,1,1,4.50142966542564,4.50142966542564,True
a1f9bf07f711,v6_formal_v16,constant,2.0,26,27,25,before_adoption,-9.413820238357552,0.12003731063571443,-9.533857548993266,1.1428020165913253,-6.8589451860125905,3.552713678800501e-15,14.997285589961525,-0.9602984850861094,59.35620155393853,42.323701209964504,False,26,1,0,0.0,5.079403029827781,True
a77210b026c5,v6_formal_v16,runs/v4r_s1/v4_pilot/supervised/final_nets.pt,2.0,24,37,36,freeze_crossing,-6.7991839901540665,0.054212288711858125,-6.853396278865924,3.0014039595057227,-2.7779024321252344,8.881784197001252e-16,6.173951827147834,-0.4336983096934741,23.63174628908346,13.691374096643617,True,37,1,1,4.74357191261895,4.74357191261895,True
a87e4697c302,v6_formal_v16,constant,4.0,19,34,33,freeze_crossing,-6.034879154196879,0.18948389517496667,-6.224363049371846,3.3017779700549967,-1.8278693110123507,0.0,5.621759331676613,-1.5158711614013605,19.452618816977882,10.41737610176773,True,34,0,0,3.968257677197279,3.968257677197279,False
a8a9ca8de462,v6_formal_v16,runs/v4r_s1/v4_pilot/supervised/final_nets.pt,2.0,30,31,29,before_adoption,-2.0731018325501225,0.04305402935696989,-2.1161558619070924,0.9808721990053648,-0.7812643586622379,1.3322676295501878e-15,12.99218789110892,-0.3444322348572314,50.820796802226496,42.208546994764944,False,30,0,0,1.9069232055876455,0.011081770589161932,False
b55011ab784c,v6_formal_v16,constant,2.0,22,34,33,freeze_crossing,-4.495604838680171,0.10912774785464796,-4.604732586534819,1.1239796359591558,-2.6972844769189894,0.0,5.328967633249353,-0.8730219828372547,18.19525334753692,10.926036944377424,True,34,1,1,5.2539560343254905,5.2539560343254905,True
b5b04f6d08be,v6_formal_v16,runs/v4r_s1/v4_pilot/supervised/final_nets.pt,2.0,26,37,36,freeze_crossing,-6.7991839901540665,0.054212288711858125,-6.853396278865924,3.0014039595057227,-2.7779024321252344,8.881784197001252e-16,6.173951827147834,-0.4336983096934741,23.63174628908346,13.691374096643617,True,37,1,1,4.74357191261895,4.74357191261895,True
bafdb559daf5,v6_formal_v16,runs/v4r_s1/v4_pilot/supervised/final_nets.pt,2.0,12,36,35,freeze_crossing,-3.040707154385764,0.10403802148485042,-3.1447451758706144,1.5949375402539854,-0.989663540973913,8.881784197001252e-16,5.737773089883554,-0.8323041718799189,19.96942746313394,13.955795742321548,True,36,0,0,1.7235068733489065,1.7235068733489065,False
bc01867a0b33,v6_formal_v16,runs/v4r_s2/v4_pilot/supervised/final_nets.pt,3.0,26,27,25,before_adoption,-9.730488295299452,0.09210967972770412,-9.822597975027156,1.165790385296205,-7.105124665708331,1.7763568394002505e-15,15.359652439470057,-0.7368774378204174,59.27883214363105,41.776407948868865,False,26,1,0,0.0,5.526245124359165,True
c187be455478,v6_formal_v16,constant,3.0,19,34,33,freeze_crossing,-5.641032092206334,0.14455042108703298,-5.785582513293367,2.2731023109904607,-2.521774967384924,8.881784197001252e-16,5.349341914755114,-1.1564033686955533,18.28057212586488,9.820318655193955,True,34,1,1,4.6871932626088935,4.6871932626088935,True
c27a62898933,v6_formal_v16,runs/v4r_s1/v4_pilot/supervised/final_nets.pt,4.0,26,37,36,freeze_crossing,-6.6570735869309186,-0.0285596557022183,-6.6285139312287,3.666006529039767,-1.9925060198515139,0.0,6.3217657094225945,0.2284772456182136,23.143447361127777,13.35405057518778,True,37,1,1,7.282171073050776,7.282171073050776,True
c37f0276ca8b,v6_formal_v16,runs/v4r_s1/v4_pilot/supervised/final_nets.pt,4.0,24,37,36,freeze_crossing,-6.6570735869309186,-0.0285596557022183,-6.6285139312287,3.666006529039767,-1.9925060198515139,0.0,6.3217657094225945,0.2284772456182136,23.143447361127777,13.35405057518778,True,37,1,1,7.282171073050776,7.282171073050776,True
c43bd70f69b0,v6_formal_v16,runs/v4r_s2/v4_pilot/supervised/final_nets.pt,4.0,26,27,25,before_adoption,-9.691089053107419,0.07994223227437658,-9.771031285381795,1.177420049983752,-7.060005645157553,1.7763568394002505e-15,15.539049515791618,-0.6395378581948422,59.239613957678415,41.69905791440081,False,26,1,0,0.0,5.720924283610316,True
c85c389142d3,v6_formal_v16,runs/v4r/v4_pilot/supervised/final_nets.pt,2.0,28,35,34,freeze_crossing,-3.9919336804700745,0.07545125465045022,-4.067384935120525,1.0556328437631812,-2.3375107846363807,1.3322676295501878e-15,5.573852321564194,-0.6036100372045645,19.242286157885164,12.387975061982543,True,35,1,1,4.50142966542564,4.50142966542564,True
c9c85ae5d72f,v6_formal_v16,runs/v4r_s1/v4_pilot/supervised/final_nets.pt,2.0,23,37,36,highspeed_update,-1.7538124506152517,0.009461609357090506,-1.7632740599723422,0.42094270497772435,-1.0697978780452395,0.0,5.593646165659092,-0.07569287485800177,19.672564232516258,15.11246708971437,False,37,0,0,0.6626165144328258,0.6626165144328258,False
cb50b34c7989,v6_formal_v16,runs/v4r/v4_pilot/supervised/final_nets.pt,2.0,19,35,34,freeze_crossing,-3.9919336804700745,0.07545125465045022,-4.067384935120525,1.0556328437631812,-2.3375107846363807,1.3322676295501878e-15,5.573852321564194,-0.6036100372045645,19.242286157885164,12.387975061982543,True,35,1,1,4.50142966542564,4.50142966542564,True
d37ac2cd6acb,v6_formal_v16,runs/v4r/v4_pilot/supervised/final_nets.pt,2.0,23,26,25,highspeed_update,-9.387791015625211,0.25301120334188454,-9.640802218967096,6.792873469874159,-1.1867488934072696,8.881784197001252e-16,14.463865559897386,-2.0240896267350763,59.35685321384104,42.48411821492525,False,26,1,1,2.3137957070992243,2.3137957070992243,True
d94f9b78f92f,v6_formal_v16,runs/v4r_s1/v4_pilot/supervised/final_nets.pt,4.0,19,37,36,freeze_crossing,-6.209110681847985,-0.12303417992590093,-6.086076501922085,2.06409465089862,-3.2136494286721673,0.0,6.081537456879983,0.9842734394072679,21.613122458831135,12.48627722846906,True,37,1,1,8.968546878814536,8.968546878814536,True
dc20076761a7,v6_formal_v16,runs/v4r/v4_pilot/supervised/final_nets.pt,2.0,22,35,34,freeze_crossing,-3.9919336804700745,0.07545125465045022,-4.067384935120525,1.0556328437631812,-2.3375107846363807,1.3322676295501878e-15,5.573852321564194,-0.6036100372045645,19.242286157885164,12.387975061982543,True,35,1,1,4.50142966542564,4.50142966542564,True
df64cc712fce,v6_formal_v16,runs/v4r_s1/v4_pilot/supervised/final_nets.pt,4.0,28,37,36,freeze_crossing,-6.6570735869309186,-0.0285596557022183,-6.6285139312287,3.666006529039767,-1.9925060198515139,0.0,6.3217657094225945,0.2284772456182136,23.143447361127777,13.35405057518778,True,37,1,1,7.282171073050776,7.282171073050776,True
e3abeadbbd0c,v6_formal_v16,runs/v4r_s1/v4_pilot/supervised/final_nets.pt,4.0,24,37,36,freeze_crossing,-6.6570735869309186,-0.0285596557022183,-6.6285139312287,3.666006529039767,-1.9925060198515139,0.0,6.3217657094225945,0.2284772456182136,23.143447361127777,13.35405057518778,True,37,1,1,7.282171073050776,7.282171073050776,True
e7fc13335178,v6_formal_v16,runs/v4r_s1/v4_pilot/supervised/final_nets.pt,3.0,23,37,36,highspeed_already_negative,-3.276414784871001,-0.16110443972101907,-3.115310345149982,-0.14792701511218098,-2.932879582252534,2.220446049250313e-15,6.68575138865635,1.2888355177687583,23.59870755695899,17.14052151748083,False,37,1,1,4.559416406345303,4.559416406345303,True
ecb5e06cc2b8,v6_formal_v16,runs/v4r_s1/v4_pilot/supervised/final_nets.pt,3.0,21,37,36,highspeed_already_negative,-3.276731738863763,-0.16100098631740023,-3.1157307525463627,-0.14422977246967328,-2.929451750503871,8.881784197001252e-16,6.685602686610557,1.2880078905379762,23.59968422442704,17.1411521285754,False,37,1,1,4.556221272839011,4.556221272839011,True
ee3644fcfb27,v6_formal_v16,runs/v4r/v4_pilot/supervised/final_nets.pt,4.0,20,35,34,freeze_crossing,-3.896373915632701,0.16846217763664706,-4.0648360932693475,3.1349484312822327,-0.17696939700556236,4.440892098500626e-16,5.5722062096757154,-1.3476974210929544,19.235090997312987,12.384151799205782,True,35,0,0,3.0143873678518673,3.0143873678518673,False
f09741cac732,v6_formal_v16,runs/v4r/v4_pilot/supervised/final_nets.pt,3.0,20,34,33,freeze_crossing,-6.0902542741826515,0.19831972369480866,-6.28857399787746,3.0434791038651037,-2.133237029190151,8.881784197001252e-16,5.6781373549251555,-1.5865577895590555,19.702448557410133,10.574805882070095,True,34,1,1,3.826884420881889,3.826884420881889,True
faac6d5998d4,v6_formal_v16,runs/v4r_s1/v4_pilot/supervised/final_nets.pt,4.0,16,37,36,freeze_crossing,-6.187469121319024,-0.12303283178513524,-6.064436289533889,2.0641193676036362,-3.1952293855175355,8.881784197001252e-16,6.081539699921386,0.9842626542823254,21.61314025214014,12.50793411264556,True,37,1,1,8.96852530856465,8.96852530856465,True
fc0777f1122c,v6_formal_v16,runs/v4r/v4_pilot/supervised/final_nets.pt,4.0,26,27,25,before_adoption,-9.691158573611013,0.07994210621651288,-9.771100679827526,1.1774224143354957,-7.060062373233869,3.552713678800501e-15,15.539081307571978,-0.6395368497322476,59.23980333968293,41.699162006069415,False,26,1,0,0.0,5.720926300535504,True
fcc10fea514c,v6_formal_v16,runs/v4r_s2/v4_pilot/supervised/final_nets.pt,4.0,22,44,43,creep,-0.014695213778426641,-0.014695213778426808,1.6653345369377348e-16,0.0077535028351961854,-0.004737428876466859,4.0072112295064244e-16,0.1327704650366911,0.11756171022576165,7.158685452968588,7.092300220450243,False,44,0,0,0.5421495646669408,0.5421495646669408,False
