tag,info,jerk,branch_id,target_m,t_entry_200,t_info,delay_actual_s,delay_distance_s,observed_delta_time_s,lp_reference_floor_s,lp_reference_ceil_s,lp_reference_interp_s,residual_floor_s,residual_ceil_s,residual_interp_s
v6_formal_v22,min,3.0,016d04b50a9e,44.0000000000002,138.39377169240686,145.5,7.106228307593142,6.903755236358559,0.9441055947764028,0.45345773917202453,0.7687134417903665,0.520435898668491,0.49064785560437824,0.17539215298603628,0.4236696961079117
v6_formal_v22,cons,3.0,03037c0e900f,150.0000000000002,138.39377169240686,140.5,2.106228307593142,2.0640428716360497,0.27675000000002115,0.0,0.0,0.0,0.27675000000002115,0.27675000000002115,0.27675000000002115
v6_formal_v22,min,2.0,03e6d0dd779d,78.0000000000002,138.39377169240686,143.5,5.106228307593142,5.102343457744287,0.012089713154409765,0.0,0.008124065816372893,0.001726011524897177,0.012089713154409765,0.003965647338036872,0.010363701629512587
v6_formal_v22,cons,4.0,058f42ecccc6,44.0000000000002,138.39377169240686,146.5,8.106228307593142,6.574774288010767,3.030653683945104,1.0340924507591192,1.494572030286316,1.1319243835878705,1.996561233185985,1.5360816536587882,1.8987293003572336
v6_formal_v22,cons,4.0,11ca28e1bc02,150.0000000000002,138.39377169240686,140.5,2.106228307593142,2.0567340797446065,0.20918312248750226,0.0,0.0,0.0,0.20918312248750226,0.20918312248750226,0.20918312248750226
v6_formal_v22,min,4.0,1f22516654fe,56.0000000000002,138.39377169240686,144.5,6.106228307593142,6.0701915599079985,0.32302650057306437,0.02343602343602381,0.15349359580128855,0.051067615040093106,0.29959047713704057,0.16953290477177582,0.27195888553297126
v6_formal_v22,min,3.0,2dd4679ae924,67.0000000000002,138.39377169240686,144.0,5.606228307593142,5.59369194906511,0.05283476527199582,0.0008330200637899418,0.04208023438792805,0.00959626360495952,0.05200174520820588,0.010754530884067769,0.0432385016670363
v6_formal_v22,min,4.0,36406a728f4b,67.0000000000002,138.39377169240686,144.0,5.606228307593142,5.597657471284486,0.02895860379734927,0.0,0.02343602343602381,0.004979138212644036,0.02895860379734927,0.005522580361325458,0.023979465584705234
v6_formal_v22,min,3.0,38c2777edc1e,120.0000000000002,138.39377169240686,141.5,3.106228307593142,3.1062314138246103,0.0,0.0,0.0,0.0,0.0,0.0,0.0
v6_formal_v22,cons,2.0,3e4a111baf0a,44.0000000000002,138.39377169240686,146.5,8.106228307593142,6.576723345841127,3.173047036524764,1.4190381690381695,,,1.7540088674865946,,
v6_formal_v22,cons,3.0,3eaaf697ab02,78.0000000000002,138.39377169240686,144.0,5.606228307593142,5.035883421519716,1.2296935417039379,0.0008330200637899418,0.04208023438792805,0.00959626360495952,1.2288605216401478,1.1876133073160098,1.2200972780989783
v6_formal_v22,cons,3.0,3fa830e57a68,120.0000000000002,138.39377169240686,142.0,3.606228307593142,3.376276125697567,0.28746529085879047,0.0,0.0,0.0,0.28746529085879047,0.28746529085879047,0.28746529085879047
v6_formal_v22,cons,2.0,423adcdc9e68,120.0000000000002,138.39377169240686,142.0,3.606228307593142,3.38209483697052,0.436021547826698,0.0,0.0,0.0,0.436021547826698,0.436021547826698,0.436021547826698
v6_formal_v22,min,3.0,44dfd19cee0f,56.0000000000002,138.39377169240686,144.5,6.106228307593142,6.063145175695105,0.5651509136052368,0.04208023438792805,0.20815262481929103,0.0773634123348704,0.5230706792173088,0.3569982887859458,0.4877875012703664
v6_formal_v22,min,2.0,471e391ca8ab,150.0000000000002,138.39377169240686,140.5,2.106228307593142,2.106230413823592,0.0,0.0,0.0,0.0,0.0,0.0,0.0
v6_formal_v22,min,2.0,4aecb6037a4b,100.0000000000002,138.39377169240686,142.5,4.106228307593142,4.106232413825628,0.0,0.0,0.0,0.0,0.0,0.0,0.0
v6_formal_v22,cons,4.0,4ff0f0c1c3cf,56.0000000000002,138.39377169240686,145.5,7.106228307593142,6.022617999133613,2.2199943277528007,0.36297086297086223,0.6574716574716588,0.4255395049401728,1.8570234647819386,1.562522670281142,1.7944548228126278
v6_formal_v22,cons,3.0,5d1520ea9b54,100.0000000000002,138.39377169240686,143.0,4.606228307593142,4.249780393488923,0.6023950648454104,0.0,0.0,0.0,0.6023950648454104,0.6023950648454104,0.6023950648454104
v6_formal_v22,min,3.0,5e10b59539c1,78.0000000000002,138.39377169240686,143.5,5.106228307593142,5.105155960557445,0.0021549043835022985,0.0,0.0008330200637899418,0.00017698062313507314,0.0021549043835022985,0.0013218843197123566,0.0019779237603672253
v6_formal_v22,cons,4.0,613b8a2e7d80,89.0000000000002,138.39377169240686,143.5,5.106228307593142,4.6494153155798355,0.8183463583461048,0.0,0.0,0.0,0.8183463583461048,0.8183463583461048,0.8183463583461048
v6_formal_v22,min,3.0,69b9f0c38a03,100.0000000000002,138.39377169240686,142.5,4.106228307593142,4.106232413825628,0.0,0.0,0.0,0.0,0.0,0.0,0.0
v6_formal_v22,cons,4.0,704ec723f7c9,120.0000000000002,138.39377169240686,142.0,3.606228307593142,3.377406479603172,0.28375245655988124,0.0,0.0,0.0,0.28375245655988124,0.28375245655988124,0.28375245655988124
v6_formal_v22,min,2.0,769501dadaf2,120.0000000000002,138.39377169240686,141.5,3.106228307593142,3.1062314138246103,0.0,0.0,0.0,0.0,0.0,0.0,0.0
v6_formal_v22,cons,4.0,8a7ca45f6606,78.0000000000002,138.39377169240686,144.0,5.606228307593142,5.028736518180987,1.112456769920641,0.0,0.02343602343602381,0.004979138212644036,1.112456769920641,1.089020746484617,1.1074776317079968
v6_formal_v22,min,3.0,8b3fcc2c11ba,150.0000000000002,138.39377169240686,140.5,2.106228307593142,2.106230413823592,0.0,0.0,0.0,0.0,0.0,0.0,0.0
v6_formal_v22,cons,2.0,8d0e54717893,89.0000000000002,138.39377169240686,143.5,5.106228307593142,4.640158048327216,0.8260095449704181,0.0,0.008124065816372893,0.001726011524897177,0.8260095449704181,0.8178854791540452,0.824283533445521
v6_formal_v22,cons,3.0,8d4eaa35f6c1,89.0000000000002,138.39377169240686,143.5,5.106228307593142,4.656627897202731,0.905564008859244,0.0,0.0008330200637899418,0.00017698062313507314,0.905564008859244,0.9047309887954541,0.905387028236109
v6_formal_v22,cons,4.0,9d05d61c23ea,100.0000000000002,138.39377169240686,143.0,4.606228307593142,4.242461986411344,0.5226790317461223,0.0,0.0,0.0,0.5226790317461223,0.5226790317461223,0.5226790317461223
v6_formal_v22,cons,3.0,a1bc25f74389,44.0000000000002,138.39377169240686,146.5,8.106228307593142,6.575594771514409,3.1534465116486103,1.1453791626205418,1.5911317635455575,1.240082251423553,2.0080673490280683,1.5623147481030528,1.9133642602250573
v6_formal_v22,min,2.0,a30ab9bbda71,56.0000000000002,138.39377169240686,144.5,6.106228307593142,6.049122548876408,0.23629013186348402,0.09597786383500657,0.317181692181692,0.14297408047179105,0.14031226802847746,-0.08089156031820799,0.09331605139169297
v6_formal_v22,cons,3.0,b3ed97fc3044,67.0000000000002,138.39377169240686,145.0,6.606228307593142,5.725238432400222,1.8787289685909059,0.20815262481929103,0.45345773917202453,0.260269319102557,1.6705763437716148,1.4252712294188814,1.618459649488349
v6_formal_v22,cons,2.0,b72634caa1a3,100.0000000000002,138.39377169240686,143.0,4.606228307593142,4.226248293043249,1.0605353307404357,0.0,0.0,0.0,1.0605353307404357,1.0605353307404357,1.0605353307404357
v6_formal_v22,min,4.0,b97162ce8b98,100.0000000000002,138.39377169240686,142.5,4.106228307593142,4.106232413825628,0.0,0.0,0.0,0.0,0.0,0.0,0.0
v6_formal_v22,min,4.0,ba6761c33f7c,150.0000000000002,138.39377169240686,140.5,2.106228307593142,2.106230413823592,0.0,0.0,0.0,0.0,0.0,0.0,0.0
v6_formal_v22,min,2.0,bd64aad00b9f,67.0000000000002,138.39377169240686,144.0,5.606228307593142,5.585255612502246,0.7199825009019492,0.008124065816372893,0.09597786383500657,0.026789186374671238,0.7118584350855762,0.6240046370669425,0.693193314527278
v6_formal_v22,min,4.0,bdc17ec4a2de,44.0000000000002,138.39377169240686,145.5,7.106228307593142,6.915882605821593,0.7329219669310021,0.36297086297086223,0.6574716574716588,0.4255395049401728,0.36995110396013986,0.07545030945934328,0.3073824619908293
v6_formal_v22,cons,4.0,ce4e63c8696c,67.0000000000002,138.39377169240686,145.0,6.606228307593142,5.718156866615124,1.7328559931596033,0.15349359580128855,0.36297086297086223,0.197998426942609,1.5793623973583146,1.3698851301887411,1.5348575662169943
v6_formal_v22,cons,2.0,cebd02a4155b,56.0000000000002,138.39377169240686,145.5,7.106228307593142,6.034847236963368,2.8352937229628594,0.6103052353052373,0.9696431303574159,0.6866489481961873,2.224988487657622,1.8656505926054434,2.148644774766672
v6_formal_v22,min,4.0,d4ffde2784bb,120.0000000000002,138.39377169240686,141.5,3.106228307593142,3.1062314138246103,0.0,0.0,0.0,0.0,0.0,0.0,0.0
v6_formal_v22,cons,3.0,d66ef96da80f,56.0000000000002,138.39377169240686,145.5,7.106228307593142,6.02968396948089,2.4148167883662666,0.45345773917202453,0.7687134417903665,0.520435898668491,1.961359049194242,1.6461033465759,1.8943808896977754
v6_formal_v22,min,2.0,d98ed0d58756,44.0000000000002,138.39377169240686,145.5,7.106228307593142,6.878632772262718,1.447240596113943,0.6103052353052373,0.9696431303574159,0.6866489481961873,0.8369353608087057,0.47759746575652706,0.7605916479177557
v6_formal_v22,cons,2.0,df7905b6de7d,78.0000000000002,138.39377169240686,144.0,5.606228307593142,5.0338708496444236,1.3031842293587772,0.008124065816372893,0.09597786383500657,0.026789186374671238,1.2950601635424044,1.2072063655237706,1.276395042984106
v6_formal_v22,min,4.0,e061d69efa56,78.0000000000002,138.39377169240686,143.5,5.106228307593142,5.106233413826646,0.0,0.0,0.0,0.0,0.0,0.0,0.0
v6_formal_v22,min,2.0,e56887fa3177,89.0000000000002,138.39377169240686,143.0,4.606228307593142,4.606232913826138,0.0,0.0,0.0,0.0,0.0,0.0,0.0
v6_formal_v22,cons,2.0,e5d69c191733,150.0000000000002,138.39377169240686,140.5,2.106228307593142,2.0781053856985636,0.1799999999999784,0.0,0.0,0.0,0.1799999999999784,0.1799999999999784,0.1799999999999784
v6_formal_v22,cons,2.0,ea5b8d6e5ad9,67.0000000000002,138.39377169240686,145.0,6.606228307593142,5.73058656623005,2.198975137922048,0.317181692181692,0.6103052353052373,0.3794577279851311,1.8817934457403558,1.5886699026168105,1.8195174099369167
v6_formal_v22,min,4.0,f2d5ce14f77d,89.0000000000002,138.39377169240686,143.0,4.606228307593142,4.606232913826138,0.0,0.0,0.0,0.0,0.0,0.0,0.0
v6_formal_v22,min,3.0,f3b549a01c62,89.0000000000002,138.39377169240686,143.0,4.606228307593142,4.606232913826138,0.0,0.0,0.0,0.0,0.0,0.0,0.0
v6_formal_v16,cons,2.0,05f530e3094a,150.0,144.35246068389878,147.0,2.6475393161012164,2.6475393161012164,0.0,0.0,0.0,0.0,0.0,0.0,0.0
v6_formal_v16,min,4.0,0f7396b914f1,150.0,144.35246068389878,147.0,2.6475393161012164,2.6475393161012164,0.0,0.0,0.0,0.0,0.0,0.0,0.0
v6_formal_v16,min,2.0,14fc630ad738,120.0,144.35246068389878,149.0,4.647539316101216,4.647539316101216,0.0,0.0,0.0,0.0,0.0,0.0,0.0
v6_formal_v16,min,3.0,15e224b4e117,56.0,144.35246068389878,153.0,8.647539316101216,8.646823656324528,0.0014313195533759426,0.0,0.0,0.0,0.0014313195533759426,0.0014313195533759426,0.0014313195533759426
v6_formal_v16,min,4.0,197bc488197e,32.0,144.35246068389878,155.0,10.647539316101216,10.323305064469423,0.9230083541557974,0.06026785714285765,0.26171875,0.11971171106310205,0.8627404970129398,0.6612896041557974,0.8032966430926953
v6_formal_v16,cons,4.0,1b74cb112d7d,78.0,144.35246068389878,151.5,7.147539316101216,7.13955434877488,0.01665980395796396,0.0,0.0,0.0,0.01665980395796396,0.01665980395796396,0.01665980395796396
v6_formal_v16,cons,3.0,1fa6f92f0664,100.0,144.35246068389878,150.5,6.147539316101216,6.147539316101216,0.0,0.0,0.0,0.0,0.0,0.0,0.0
v6_formal_v16,min,3.0,219a83430fac,78.0,144.35246068389878,151.5,7.147539316101216,7.147539316101216,0.0,0.0,0.0,0.0,0.0,0.0,0.0
v6_formal_v16,min,3.0,228f9235b5e6,32.0,144.35246068389878,155.0,10.647539316101216,10.320760676135677,1.0775441519004403,0.09895833333333215,0.3444852941176464,0.17140809309038796,0.9785858185671081,0.7330588577827939,0.9061360588100523
v6_formal_v16,cons,3.0,22e8fcf0dc83,120.0,144.35246068389878,149.0,4.647539316101216,4.647539316101216,0.0,0.0,0.0,0.0,0.0,0.0,0.0
v6_formal_v16,cons,3.0,2373c55608f8,89.0,144.35246068389878,151.0,6.647539316101216,6.647539316101216,0.0,0.0,0.0,0.0,0.0,0.0,0.0
v6_formal_v16,min,3.0,287ef3ca5d48,44.0,144.35246068389878,154.5,10.147539316101216,9.964785672157575,0.7526649260242664,0.005208333333332149,0.09895833333333215,0.032871955102310224,0.7474565926909342,0.6537065926909342,0.7197929709219562
v6_formal_v16,cons,3.0,28865b6cc5fb,44.0,144.35246068389878,154.5,10.147539316101216,9.53588584217323,1.0814456346440409,0.005208333333332149,0.09895833333333215,0.032871955102310224,1.0762373013107087,0.9824873013107087,1.0485736795417306
v6_formal_v16,min,4.0,34f8020dd22b,78.0,144.35246068389878,151.5,7.147539316101216,7.147539316101216,0.0,0.0,0.0,0.0,0.0,0.0,0.0
v6_formal_v16,min,2.0,3e7fa3c18e8a,100.0,144.35246068389878,150.5,6.147539316101216,6.147539316101216,0.0,0.0,0.0,0.0,0.0,0.0,0.0
v6_formal_v16,cons,4.0,40e828719f4f,56.0,144.35246068389878,153.5,9.147539316101216,8.85141386264948,0.6629500221889373,0.0,0.0,0.0,0.6629500221889373,0.6629500221889373,0.6629500221889373
v6_formal_v16,min,4.0,42e86da98e44,120.0,144.35246068389878,149.0,4.647539316101216,4.647539316101216,0.0,0.0,0.0,0.0,0.0,0.0,0.0
v6_formal_v16,cons,4.0,43f03157d368,44.0,144.35246068389878,154.5,10.147539316101216,9.53979209217323,0.9712896300738976,0.0,0.06026785714285765,0.017783756851486057,0.9712896300738976,0.9110217729310399,0.9535058732224115
v6_formal_v16,min,4.0,4c14cc2cc11b,44.0,144.35246068389878,154.5,10.147539316101216,9.966919619333396,0.611188804521845,0.0,0.06026785714285765,0.017783756851486057,0.611188804521845,0.5509209473789873,0.593405047670359
v6_formal_v16,cons,2.0,4ccf59030f6a,120.0,144.35246068389878,149.0,4.647539316101216,4.647539316101216,0.0,0.0,0.0,0.0,0.0,0.0,0.0
v6_formal_v16,cons,3.0,4cd8a7eb89b2,78.0,144.35246068389878,151.5,7.147539316101216,7.13955434877488,0.02447230395796396,0.0,0.0,0.0,0.02447230395796396,0.02447230395796396,0.02447230395796396
v6_formal_v16,min,2.0,4ef34735931e,56.0,144.35246068389878,153.0,8.647539316101216,8.642917406324528,0.012106458660127828,0.0,0.0,0.0,0.012106458660127828,0.012106458660127828,0.012106458660127828
v6_formal_v16,min,3.0,5461af1c8a2c,150.0,144.35246068389878,147.0,2.6475393161012164,2.6475393161012164,0.0,0.0,0.0,0.0,0.0,0.0,0.0
v6_formal_v16,min,3.0,54849f70e1bb,67.0,144.35246068389878,152.5,8.147539316101216,8.147539316101216,0.0,0.0,0.0,0.0,0.0,0.0,0.0
v6_formal_v16,cons,2.0,58695fd322e7,56.0,144.35246068389878,153.5,9.147539316101216,8.851739844415874,0.9448005284760939,0.0,0.0,0.0,0.9448005284760939,0.9448005284760939,0.9448005284760939
v6_formal_v16,cons,4.0,5b41f4179714,150.0,144.35246068389878,147.0,2.6475393161012164,2.6475393161012164,0.0,0.0,0.0,0.0,0.0,0.0,0.0
v6_formal_v16,min,2.0,5de757db7fff,89.0,144.35246068389878,151.0,6.647539316101216,6.647539316101216,0.0,0.0,0.0,0.0,0.0,0.0,0.0
v6_formal_v16,cons,4.0,662bee7fd540,32.0,144.35246068389878,155.5,11.147539316101216,10.26107266240166,1.1308438206236247,0.26171875,0.5714843750000007,0.3531239669283319,0.8691250706236247,0.5593594456236239,0.7777198536952927
v6_formal_v16,cons,4.0,77e89b27603c,89.0,144.35246068389878,151.0,6.647539316101216,6.647539316101216,0.0,0.0,0.0,0.0,0.0,0.0,0.0
v6_formal_v16,min,2.0,791736b02597,32.0,144.35246068389878,155.0,10.647539316101216,10.261767080607399,2.3092323042505996,0.1919642857142847,0.5026041666666679,0.2836274768932405,2.117268018536315,1.8066281375839317,2.025604827357359
v6_formal_v16,cons,2.0,7b18ffd5cfb8,67.0,144.35246068389878,152.5,8.147539316101216,8.05556176559898,0.3333680072069001,0.0,0.0,0.0,0.3333680072069001,0.3333680072069001,0.3333680072069001
v6_formal_v16,cons,3.0,7be0e0cdf6ae,67.0,144.35246068389878,152.5,8.147539316101216,8.055228581322098,0.2511748903862099,0.0,0.0,0.0,0.2511748903862099,0.2511748903862099,0.2511748903862099
v6_formal_v16,min,3.0,8ccc6f2db4d6,100.0,144.35246068389878,150.5,6.147539316101216,6.147539316101216,0.0,0.0,0.0,0.0,0.0,0.0,0.0
v6_formal_v16,min,2.0,92e8e34f734a,78.0,144.35246068389878,151.5,7.147539316101216,7.147539316101216,0.0,0.0,0.0,0.0,0.0,0.0,0.0
v6_formal_v16,cons,2.0,9d6d7e22a1f4,89.0,144.35246068389878,151.0,6.647539316101216,6.647539316101216,0.0,0.0,0.0,0.0,0.0,0.0,0.0
v6_formal_v16,cons,3.0,a373fd08e4b9,56.0,144.35246068389878,153.5,9.147539316101216,8.85141386264948,0.7490541773539405,0.0,0.0,0.0,0.7490541773539405,0.7490541773539405,0.7490541773539405
v6_formal_v16,min,4.0,b237942915e9,89.0,144.35246068389878,151.0,6.647539316101216,6.647539316101216,0.0,0.0,0.0,0.0,0.0,0.0,0.0
v6_formal_v16,min,3.0,b7210dc18835,120.0,144.35246068389878,149.0,4.647539316101216,4.647539316101216,0.0,0.0,0.0,0.0,0.0,0.0,0.0
v6_formal_v16,cons,3.0,ba2414033669,150.0,144.35246068389878,147.0,2.6475393161012164,2.6475393161012164,0.0,0.0,0.0,0.0,0.0,0.0,0.0
v6_formal_v16,min,2.0,bb1efb9a8f1b,150.0,144.35246068389878,147.0,2.6475393161012164,2.6475393161012164,0.0,0.0,0.0,0.0,0.0,0.0,0.0
v6_formal_v16,cons,4.0,be7492266784,120.0,144.35246068389878,149.0,4.647539316101216,4.647539316101216,0.0,0.0,0.0,0.0,0.0,0.0,0.0
v6_formal_v16,cons,2.0,bee0f781c068,78.0,144.35246068389878,151.5,7.147539316101216,7.139726816101216,0.03125,0.0,0.0,0.0,0.03125,0.03125,0.03125
v6_formal_v16,min,2.0,bf065049fb15,67.0,144.35246068389878,152.5,8.147539316101216,8.147539316101216,0.0,0.0,0.0,0.0,0.0,0.0,0.0
v6_formal_v16,cons,3.0,c0e3404ecb44,32.0,144.35246068389878,155.5,11.147539316101216,10.214433711073752,1.3591142923015411,0.3444852941176464,0.6851762820512803,0.44501592484079866,1.0146289981838947,0.6739380102502608,0.9140983674607425
v6_formal_v16,cons,4.0,c78b7c2f6aa6,67.0,144.35246068389878,152.5,8.147539316101216,8.055228581322098,0.2087290558209247,0.0,0.0,0.0,0.2087290558209247,0.2087290558209247,0.2087290558209247
v6_formal_v16,cons,2.0,c8e719ea9950,32.0,144.35246068389878,155.5,11.147539316101216,10.180727250864692,1.3827398454955642,0.5026041666666679,0.8988839285714292,0.6195378567790306,0.8801356788288963,0.483855916924135,0.7632019887165336
v6_formal_v16,min,4.0,cbe5d7a12414,100.0,144.35246068389878,150.5,6.147539316101216,6.147539316101216,0.0,0.0,0.0,0.0,0.0,0.0,0.0
v6_formal_v16,cons,2.0,d32208d6aa2e,44.0,144.35246068389878,154.5,10.147539316101216,9.532302970286054,1.3326920177178465,0.0234375,0.1919642857142847,0.07316615341804361,1.3092545177178465,1.1407277320035618,1.2595258642998028
v6_formal_v16,min,4.0,da63172e7db4,56.0,144.35246068389878,153.0,8.647539316101216,8.647539316101216,0.0,0.0,0.0,0.0,0.0,0.0,0.0
v6_formal_v16,min,4.0,dd8db064aeea,67.0,144.35246068389878,152.5,8.147539316101216,8.147539316101216,0.0,0.0,0.0,0.0,0.0,0.0,0.0
v6_formal_v16,cons,2.0,e2b20710d29f,100.0,144.35246068389878,150.5,6.147539316101216,6.147539316101216,0.0,0.0,0.0,0.0,0.0,0.0,0.0
v6_formal_v16,min,3.0,e4a030b55715,89.0,144.35246068389878,151.0,6.647539316101216,6.647539316101216,0.0,0.0,0.0,0.0,0.0,0.0,0.0
v6_formal_v16,min,2.0,eba9ccc6b90c,44.0,144.35246068389878,154.5,10.147539316101216,9.93530934178176,1.6460773624305887,0.0234375,0.1919642857142847,0.07316615341804361,1.6226398624305887,1.454113076716304,1.572911209012545
v6_formal_v16,cons,4.0,f35cf7b4bd72,100.0,144.35246068389878,150.5,6.147539316101216,6.147539316101216,0.0,0.0,0.0,0.0,0.0,0.0,0.0
